SubjectID,width,duration,threshold,slope,lapse,guess,eta,deviance,residuals,loglikelihood
HC1001,0.150000,300.000000,4.084114,3.165768,0.023099,0.074429,0.000000,2.815528,0.012881,18.004762
