SubjectID,width,duration,threshold,slope,lapse,guess,eta,deviance,residuals,loglikelihood
HC1079,0.150000,300.000000,4.283515,3.226731,0.128591,0.126738,0.000000,2.015293,0.027400,29.133873
