SubjectID,width,duration,threshold,slope,lapse,guess,eta,deviance,residuals,loglikelihood
HC1079,0.150000,100.000000,3.818740,1.296191,0.149989,0.044938,0.000035,0.647887,0.011264,33.814350
