SubjectID,width,duration,threshold,slope,lapse,guess,eta,deviance,residuals,loglikelihood
IC1012,0.150000,300.000000,3.618985,1.947174,0.150000,0.032095,0.000003,2.143955,0.014659,29.708489
