SubjectID,width,duration,threshold,slope,lapse,guess,eta,deviance,residuals,loglikelihood
LC1031,0.150000,100.000000,4.498644,1.609498,0.143710,0.090212,0.000000,3.889399,0.036512,31.185934
