SubjectID,width,duration,threshold,slope,lapse,guess,eta,deviance,residuals,loglikelihood
GC1098,0.150000,300.000000,5.377865,0.147222,0.115500,0.075062,0.000000,9.665328,0.231501,45.111972
