SubjectID,width,duration,threshold,slope,lapse,guess,eta,deviance,residuals,loglikelihood
GB797,0.150000,300.000000,5.284589,0.494501,0.000641,0.150000,0.000000,4.172712,0.084852,42.574610
