SubjectID,width,duration,threshold,slope,lapse,guess,eta,deviance,residuals,loglikelihood
IC928,0.150000,300.000000,4.584778,0.469810,0.008825,0.150000,0.000000,2.211147,0.051911,42.993859
