SubjectID,width,duration,threshold,slope,lapse,guess,eta,deviance,residuals,loglikelihood
IC964,0.150000,100.000000,4.144709,0.633571,0.150000,0.149998,0.000000,7.522048,0.162385,40.069977
