SubjectID,width,duration,threshold,slope,lapse,guess,eta,deviance,residuals,loglikelihood
IB748,0.150000,300.000000,3.984966,3.034279,0.000000,0.043696,0.000020,4.301946,0.022697,13.106162
