SubjectID,width,duration,threshold,slope,lapse,guess,eta,deviance,residuals,loglikelihood
JC1101,0.150000,100.000000,4.323171,2.579849,0.136252,0.049816,0.000000,5.898035,0.045619,23.773500
