SubjectID,width,duration,threshold,slope,lapse,guess,eta,deviance,residuals,loglikelihood
JC1050,0.150000,300.000000,4.967274,1.389142,0.078927,0.150000,0.000000,0.653683,0.010707,36.369074
