SubjectID,width,duration,threshold,slope,lapse,guess,eta,deviance,residuals,loglikelihood
JB578,0.150000,300.000000,5.031887,0.754351,0.150000,0.148231,0.000000,0.377660,0.008243,41.811858
