SubjectID,width,duration,threshold,slope,lapse,guess,eta,deviance,residuals,loglikelihood
KC911,0.150000,100.000000,3.889343,2.970579,0.107693,0.110766,0.000000,4.604182,0.037927,26.819906
