SubjectID,width,duration,threshold,slope,lapse,guess,eta,deviance,residuals,loglikelihood
IC1089,0.150000,300.000000,4.577247,3.161134,0.144991,0.150000,0.000070,3.796729,0.056939,31.909142
