SubjectID,width,duration,threshold,slope,lapse,guess,eta,deviance,residuals,loglikelihood
LC1019,0.150000,100.000000,1.181818,0.270613,0.145933,0.000001,0.000682,1.808130,0.041493,45.629018
