SubjectID,width,duration,threshold,slope,lapse,guess,eta,deviance,residuals,loglikelihood
IC988,0.150000,100.000000,5.092206,0.820727,0.000000,0.149999,0.000038,13.667908,0.183156,33.851938
