SubjectID,width,duration,threshold,slope,lapse,guess,eta,deviance,residuals,loglikelihood
KB749,0.150000,100.000000,3.898552,1.383752,0.000000,0.000054,0.000000,2.980621,0.027549,21.522827
