SubjectID,width,duration,threshold,slope,lapse,guess,eta,deviance,residuals,loglikelihood
GC860,0.150000,300.000000,3.866476,0.147223,0.084087,0.150000,0.001974,1.341323,0.033225,47.972741
