SubjectID,width,duration,threshold,slope,lapse,guess,eta,deviance,residuals,loglikelihood
GB240,0.150000,100.000000,4.621831,2.796285,0.096975,0.064564,0.000000,2.353502,0.012905,24.121256
