SubjectID,width,duration,threshold,slope,lapse,guess,eta,deviance,residuals,loglikelihood
GB327,0.150000,300.000000,1.926971,0.147605,0.150000,0.098161,0.520632,63.973559,1.371616,22.359974
