SubjectID,width,duration,threshold,slope,lapse,guess,eta,deviance,residuals,loglikelihood
KB375,0.150000,300.000000,4.609168,3.026388,0.016824,0.021600,0.000000,2.462327,0.007114,13.829369
