SubjectID,width,duration,threshold,slope,lapse,guess,eta,deviance,residuals,loglikelihood
IC1082,0.150000,100.000000,4.909979,0.696504,0.000126,0.149995,0.000033,3.559967,0.064427,39.274780
