SubjectID,width,duration,threshold,slope,lapse,guess,eta,deviance,residuals,loglikelihood
IB754,0.150000,100.000000,4.652775,0.495712,0.000098,0.150000,0.000000,9.480374,0.211747,39.172446
