SubjectID,width,duration,threshold,slope,lapse,guess,eta,deviance,residuals,loglikelihood
GB208,0.150000,300.000000,3.829346,2.102780,0.000000,0.038111,0.000000,2.233351,0.016598,17.606985
