SubjectID,width,duration,threshold,slope,lapse,guess,eta,deviance,residuals,loglikelihood
JC876,0.150000,100.000000,4.655801,2.954387,0.149998,0.109797,0.000000,2.167810,0.027332,32.074967
