SubjectID,width,duration,threshold,slope,lapse,guess,eta,deviance,residuals,loglikelihood
HB205,0.150000,100.000000,3.183209,3.000110,0.083933,0.093985,0.000000,0.772619,0.006972,25.858251
