SubjectID,width,duration,threshold,slope,lapse,guess,eta,deviance,residuals,loglikelihood
IC1045,0.150000,100.000000,2.373076,0.147222,0.150000,0.063504,0.000262,12.177428,0.292439,42.891809
