SubjectID,width,duration,threshold,slope,lapse,guess,eta,deviance,residuals,loglikelihood
IC946,0.150000,300.000000,3.884986,2.848125,0.116584,0.125121,0.000000,0.685998,0.008468,30.239257
