SubjectID,width,duration,threshold,slope,lapse,guess,eta,deviance,residuals,loglikelihood
IC964,0.150000,300.000000,4.089484,0.512572,0.150000,0.150000,0.000004,6.582123,0.129653,41.837063
