SubjectID,width,duration,threshold,slope,lapse,guess,eta,deviance,residuals,loglikelihood
IC1089,0.150000,100.000000,2.460354,1.461904,0.149997,0.149999,0.000066,2.936086,0.060075,35.824983
