SubjectID,width,duration,threshold,slope,lapse,guess,eta,deviance,residuals,loglikelihood
IC961,0.150000,300.000000,4.976386,1.940883,0.142123,0.149992,0.000056,3.810991,0.053546,33.698023
