SubjectID,width,duration,threshold,slope,lapse,guess,eta,deviance,residuals,loglikelihood
HC1025,0.150000,300.000000,4.939819,2.978594,0.052757,0.068967,0.000000,2.118433,0.010285,22.110623
