SubjectID,width,duration,threshold,slope,lapse,guess,eta,deviance,residuals,loglikelihood
HC1065,0.150000,100.000000,4.287712,1.682041,0.150000,0.137173,0.000000,0.856059,0.013914,36.139937
