SubjectID,width,duration,threshold,slope,lapse,guess,eta,deviance,residuals,loglikelihood
IC988,0.150000,300.000000,3.600708,0.886213,0.133303,0.000000,0.000000,8.408685,0.158223,32.570920
