SubjectID,width,duration,threshold,slope,lapse,guess,eta,deviance,residuals,loglikelihood
HC960,0.150000,100.000000,3.204848,1.761836,0.150000,0.122759,0.000000,3.159758,0.049054,35.457620
