SubjectID,width,duration,threshold,slope,lapse,guess,eta,deviance,residuals,loglikelihood
JB578,0.150000,100.000000,2.774042,0.386772,0.135411,0.150000,0.000011,3.094767,0.073155,43.946205
