SubjectID,width,duration,threshold,slope,lapse,guess,eta,deviance,residuals,loglikelihood
KC939,0.150000,300.000000,4.384405,1.315808,0.150000,0.150000,0.000018,4.989093,0.091407,36.899874
