SubjectID,width,duration,threshold,slope,lapse,guess,eta,deviance,residuals,loglikelihood
KC933,0.150000,300.000000,4.620531,3.298787,0.150000,0.146662,0.000000,4.340149,0.065155,30.831862
