SubjectID,width,duration,threshold,slope,lapse,guess,eta,deviance,residuals,loglikelihood
IC951,0.150000,300.000000,4.906198,3.410049,0.000000,0.000000,0.000102,1.428626,0.002874,6.730117
