SubjectID,width,duration,threshold,slope,lapse,guess,eta,deviance,residuals,loglikelihood
GC1098,0.150000,100.000000,6.115076,0.150332,0.150000,0.038267,0.000000,1.382944,0.032423,45.421261
