SubjectID,width,duration,threshold,slope,lapse,guess,eta,deviance,residuals,loglikelihood
HC862,0.150000,100.000000,3.374391,2.824259,0.065087,0.096967,0.000000,0.420611,0.004103,25.093112
