SubjectID,width,duration,threshold,slope,lapse,guess,eta,deviance,residuals,loglikelihood
IB642,0.150000,100.000000,2.637742,0.147222,0.117674,0.069718,0.000000,1.793909,0.044607,48.006399
