SubjectID,width,duration,threshold,slope,lapse,guess,eta,deviance,residuals,loglikelihood
JB340,0.150000,300.000000,4.353168,2.002798,0.047587,0.000000,0.000000,1.812862,0.021804,18.833394
