SubjectID,width,duration,threshold,slope,lapse,guess,eta,deviance,residuals,loglikelihood
HC1025,0.150000,100.000000,5.133831,2.824336,0.150000,0.115794,0.000000,1.834986,0.022577,30.464499
