SubjectID,width,duration,threshold,slope,lapse,guess,eta,deviance,residuals,loglikelihood
JC930,0.150000,100.000000,3.390402,1.745485,0.000001,0.147491,0.000034,0.539628,0.005146,23.909338
