SubjectID,width,duration,threshold,slope,lapse,guess,eta,deviance,residuals,loglikelihood
JC897,0.150000,300.000000,4.823700,3.140418,0.149999,0.150000,0.000045,4.238255,0.061145,34.392229
