SubjectID,width,duration,threshold,slope,lapse,guess,eta,deviance,residuals,loglikelihood
IC1088,0.150000,100.000000,2.086825,0.329432,0.149988,0.000000,0.000000,4.055414,0.088987,44.163360
