SubjectID,width,duration,threshold,slope,lapse,guess,eta,deviance,residuals,loglikelihood
IC969,0.150000,100.000000,2.756593,2.080509,0.150000,0.149999,0.000557,2.075497,0.034730,37.979542
