SubjectID,width,duration,threshold,slope,lapse,guess,eta,deviance,residuals,loglikelihood
GC830,0.150000,300.000000,4.939113,0.560701,0.149919,0.150000,0.000000,6.341646,0.120349,41.097166
