SubjectID,width,duration,threshold,slope,lapse,guess,eta,deviance,residuals,loglikelihood
GC860,0.150000,100.000000,0.898853,0.147618,0.136685,0.145965,0.000000,4.217653,0.099164,45.491293
