SubjectID,width,duration,threshold,slope,lapse,guess,eta,deviance,residuals,loglikelihood
HC1065,0.150000,300.000000,4.308160,3.217557,0.052740,0.083099,0.000000,3.860459,0.029259,20.600377
