SubjectID,width,duration,threshold,slope,lapse,guess,eta,deviance,residuals,loglikelihood
GB327,0.150000,100.000000,5.514028,0.204354,0.150000,0.150000,0.000009,2.249596,0.054850,46.374125
