SubjectID,width,duration,threshold,slope,lapse,guess,eta,deviance,residuals,loglikelihood
LC1078,0.150000,300.000000,4.162607,2.865319,0.000000,0.000000,0.000000,0.553374,0.004068,11.263742
