SubjectID,width,duration,threshold,slope,lapse,guess,eta,deviance,residuals,loglikelihood
IC1018,0.150000,300.000000,4.381374,3.164428,0.057743,0.000000,0.000000,0.404363,0.002193,13.829369
