SubjectID,width,duration,threshold,slope,lapse,guess,eta,deviance,residuals,loglikelihood
IC1045,0.150000,300.000000,2.149121,0.147222,0.150000,0.093045,0.000147,5.850526,0.143100,46.352226
