SubjectID,width,duration,threshold,slope,lapse,guess,eta,deviance,residuals,loglikelihood
GB797,0.150000,100.000000,3.323086,0.558629,0.079899,0.000934,0.000000,4.574909,0.109283,39.263946
