SubjectID,width,duration,threshold,slope,lapse,guess,eta,deviance,residuals,loglikelihood
HC1052,0.150000,100.000000,5.984889,0.478121,0.000293,0.150000,0.000000,3.125289,0.073650,42.635108
