SubjectID,width,duration,threshold,slope,lapse,guess,eta,deviance,residuals,loglikelihood
LC903,0.150000,100.000000,2.800084,0.280242,0.150000,0.000000,0.000645,2.507366,0.058533,45.530406
