SubjectID,width,duration,threshold,slope,lapse,guess,eta,deviance,residuals,loglikelihood
GB208,0.150000,100.000000,3.672259,1.777456,0.014661,0.030270,0.000000,3.001532,0.017717,20.443159
