SubjectID,width,duration,threshold,slope,lapse,guess,eta,deviance,residuals,loglikelihood
GC1015,0.150000,300.000000,4.737051,3.041735,0.000000,0.023098,0.000000,2.104939,0.004845,12.741187
