SubjectID,width,duration,threshold,slope,lapse,guess,eta,deviance,residuals,loglikelihood
KC979,0.150000,300.000000,3.145388,0.147222,0.150000,0.091813,0.001009,7.071621,0.171325,45.443500
