SubjectID,width,duration,threshold,slope,lapse,guess,eta,deviance,residuals,loglikelihood
IC946,0.150000,100.000000,2.918376,2.146313,0.039582,0.000000,0.000014,1.348642,0.003184,19.661323
