SubjectID,width,duration,threshold,slope,lapse,guess,eta,deviance,residuals,loglikelihood
GB233,0.150000,300.000000,4.474298,3.210114,0.079139,0.020546,0.000000,5.209136,0.032475,15.306814
