SubjectID,width,duration,threshold,slope,lapse,guess,eta,deviance,residuals,loglikelihood
GC1015,0.150000,100.000000,4.298806,3.190894,0.023888,0.022068,0.000000,2.993884,0.008793,13.147053
