SubjectID,width,duration,threshold,slope,lapse,guess,eta,deviance,residuals,loglikelihood
IC880,0.150000,300.000000,0.973558,0.156945,0.117582,0.149635,0.000046,1.528050,0.037033,46.015892
