SubjectID,width,duration,threshold,slope,lapse,guess,eta,deviance,residuals,loglikelihood
HC958,0.150000,300.000000,5.140071,1.866274,0.150000,0.149994,0.000000,4.811155,0.080216,34.814921
