SubjectID,width,duration,threshold,slope,lapse,guess,eta,deviance,residuals,loglikelihood
HC896,0.150000,300.000000,1.689914,0.147222,0.150000,0.088876,0.001022,8.116790,0.193697,44.077588
