SubjectID,width,duration,threshold,slope,lapse,guess,eta,deviance,residuals,loglikelihood
IC1133,0.150000,300.000000,3.051509,0.224141,0.150000,0.000000,0.000304,4.474146,0.106771,45.013007
