SubjectID,width,duration,threshold,slope,lapse,guess,eta,deviance,residuals,loglikelihood
IB217,0.150000,300.000000,4.358817,3.307972,0.000000,0.000000,0.000153,0.581813,0.002916,7.453325
