SubjectID,width,duration,threshold,slope,lapse,guess,eta,deviance,residuals,loglikelihood
HC1041,0.150000,300.000000,3.406110,0.249412,0.150000,0.128497,0.000000,2.906182,0.069898,45.993993
