SubjectID,width,duration,threshold,slope,lapse,guess,eta,deviance,residuals,loglikelihood
LC1019,0.150000,300.000000,7.046967,0.147685,0.108512,0.071565,0.000047,8.931254,0.202225,42.438773
