SubjectID,width,duration,threshold,slope,lapse,guess,eta,deviance,residuals,loglikelihood
HB280,0.150000,100.000000,4.518129,2.565960,0.086886,0.085492,0.000000,0.589010,0.005152,26.799694
