SubjectID,width,duration,threshold,slope,lapse,guess,eta,deviance,residuals,loglikelihood
HC952,0.150000,100.000000,3.768012,1.840975,0.106682,0.000000,0.000000,1.454493,0.014199,24.665347
