SubjectID,width,duration,threshold,slope,lapse,guess,eta,deviance,residuals,loglikelihood
IC961,0.150000,100.000000,5.061928,0.789274,0.150000,0.147283,0.000015,4.949530,0.106155,39.602599
