SubjectID,width,duration,threshold,slope,lapse,guess,eta,deviance,residuals,loglikelihood
JB758,0.150000,300.000000,4.560207,3.117762,0.019382,0.077511,0.000000,3.746392,0.024212,18.156279
