SubjectID,width,duration,threshold,slope,lapse,guess,eta,deviance,residuals,loglikelihood
IB754,0.150000,300.000000,4.622344,1.838361,0.150000,0.146829,0.000000,2.790302,0.051245,36.054120
