SubjectID,width,duration,threshold,slope,lapse,guess,eta,deviance,residuals,loglikelihood
KC911,0.150000,300.000000,4.237452,1.500434,0.040413,0.000000,0.000000,1.440057,0.015566,23.071576
