SubjectID,width,duration,threshold,slope,lapse,guess,eta,deviance,residuals,loglikelihood
IC1082,0.150000,300.000000,3.867266,0.983689,0.142729,0.150000,0.000000,2.855595,0.043082,39.486272
