SubjectID,width,duration,threshold,slope,lapse,guess,eta,deviance,residuals,loglikelihood
IC980,0.150000,300.000000,4.926776,2.964644,0.107608,0.143467,0.000000,1.879883,0.023162,30.567535
