SubjectID,width,duration,threshold,slope,lapse,guess,eta,deviance,residuals,loglikelihood
GB241,0.150000,100.000000,3.219295,2.111515,0.064931,0.000000,0.000000,3.514626,0.025523,21.105966
