SubjectID,width,duration,threshold,slope,lapse,guess,eta,deviance,residuals,loglikelihood
HC1052,0.150000,300.000000,6.951035,0.147222,0.090853,0.020410,0.000000,1.622585,0.038995,44.877170
