SubjectID,width,duration,threshold,slope,lapse,guess,eta,deviance,residuals,loglikelihood
JC888,0.150000,100.000000,1.904303,0.617352,0.149933,0.150000,0.000000,2.366380,0.047347,40.669401
