SubjectID,width,duration,threshold,slope,lapse,guess,eta,deviance,residuals,loglikelihood
IB748,0.150000,100.000000,4.201917,3.357284,0.043209,0.087463,0.000000,7.695695,0.045263,17.745211
