SubjectID,width,duration,threshold,slope,lapse,guess,eta,deviance,residuals,loglikelihood
IC920,0.150000,100.000000,2.885876,0.425883,0.150000,0.017391,0.000000,2.183708,0.049052,44.132063
