SubjectID,width,duration,threshold,slope,lapse,guess,eta,deviance,residuals,loglikelihood
JB758,0.150000,100.000000,4.007881,1.534721,0.103034,0.000000,0.000000,9.385761,0.149042,22.066918
