SubjectID,width,duration,threshold,slope,lapse,guess,eta,deviance,residuals,loglikelihood
GC981,0.150000,100.000000,2.824928,0.364124,0.150000,0.000601,0.000000,6.441021,0.144771,42.823402
