SubjectID,width,duration,threshold,slope,lapse,guess,eta,deviance,residuals,loglikelihood
GB240,0.150000,300.000000,4.611518,3.110786,0.150000,0.150000,0.000003,5.960690,0.100873,35.394830
