SubjectID,width,duration,threshold,slope,lapse,guess,eta,deviance,residuals,loglikelihood
IC920,0.150000,300.000000,6.648317,0.439954,0.002778,0.150000,0.000000,1.472397,0.033285,43.151077
