SubjectID,width,duration,threshold,slope,lapse,guess,eta,deviance,residuals,loglikelihood
KC979,0.150000,100.000000,4.538809,0.443021,0.000014,0.150000,0.000000,1.011369,0.019652,43.875600
