SubjectID,width,duration,threshold,slope,lapse,guess,eta,deviance,residuals,loglikelihood
IC1088,0.150000,300.000000,4.460409,0.575454,0.150000,0.103669,0.000000,2.322219,0.050455,42.154935
