SubjectID,width,duration,threshold,slope,lapse,guess,eta,deviance,residuals,loglikelihood
HC1024,0.150000,100.000000,3.704865,0.835287,0.150000,0.024807,0.000000,3.812355,0.068266,36.818737
