SubjectID,width,duration,threshold,slope,lapse,guess,eta,deviance,residuals,loglikelihood
HB280,0.150000,300.000000,4.711520,3.166158,0.032596,0.102028,0.000000,1.811282,0.009600,22.477986
