SubjectID,width,duration,threshold,slope,lapse,guess,eta,deviance,residuals,loglikelihood
LC903,0.150000,300.000000,3.952643,2.941319,0.150000,0.070786,0.000160,1.135814,0.016863,29.387219
