SubjectID,width,duration,threshold,slope,lapse,guess,eta,deviance,residuals,loglikelihood
IC1012,0.150000,100.000000,3.895736,1.223976,0.035621,0.017661,0.000000,3.639068,0.037771,26.786402
