SubjectID,width,duration,threshold,slope,lapse,guess,eta,deviance,residuals,loglikelihood
IC1099,0.150000,300.000000,3.621859,1.215545,0.066843,0.103452,0.000000,2.992633,0.020942,32.116899
