SubjectID,width,duration,threshold,slope,lapse,guess,eta,deviance,residuals,loglikelihood
IB640,0.150000,300.000000,4.569464,3.793924,0.026504,0.034424,0.000000,6.217082,0.036088,9.797201
