SubjectID,width,duration,threshold,slope,lapse,guess,eta,deviance,residuals,loglikelihood
GC981,0.150000,300.000000,3.190398,0.642482,0.150000,0.000072,0.000105,3.983819,0.084888,40.066400
