SubjectID,width,duration,threshold,slope,lapse,guess,eta,deviance,residuals,loglikelihood
IC955,0.150000,300.000000,3.834944,0.147222,0.150000,0.110017,0.349213,33.751175,0.778292,35.890587
