SubjectID,width,duration,threshold,slope,lapse,guess,eta,deviance,residuals,loglikelihood
KC941,0.150000,100.000000,0.999505,0.160748,0.149985,0.149984,0.000132,2.373397,0.058212,46.015892
