SubjectID,width,duration,threshold,slope,lapse,guess,eta,deviance,residuals,loglikelihood
KB509,0.150000,300.000000,4.805816,3.188879,0.000000,0.038407,0.000000,1.728163,0.004961,13.713042
