SubjectID,width,duration,threshold,slope,lapse,guess,eta,deviance,residuals,loglikelihood
HC952,0.150000,300.000000,4.590086,3.036311,0.150000,0.042823,0.000041,5.246966,0.047156,23.944527
