SubjectID,width,duration,threshold,slope,lapse,guess,eta,deviance,residuals,loglikelihood
IB640,0.150000,100.000000,3.527637,3.089596,0.043629,0.021987,0.000000,4.214493,0.016798,15.306814
