SubjectID,width,duration,threshold,slope,lapse,guess,eta,deviance,residuals,loglikelihood
HB366,0.150000,300.000000,4.978743,3.067056,0.075758,0.015249,0.000000,2.800538,0.009180,15.734578
