SubjectID,width,duration,threshold,slope,lapse,guess,eta,deviance,residuals,loglikelihood
IC1077,0.150000,300.000000,2.516523,0.241352,0.134894,0.000000,0.000000,2.420745,0.057687,45.987251
