SubjectID,width,duration,threshold,slope,lapse,guess,eta,deviance,residuals,loglikelihood
JC918,0.150000,300.000000,4.859141,2.285702,0.150000,0.150000,0.000001,2.538193,0.046042,34.518566
