SubjectID,width,duration,threshold,slope,lapse,guess,eta,deviance,residuals,loglikelihood
KC941,0.150000,300.000000,0.601519,0.147252,0.090711,0.149874,0.000162,7.557879,0.174601,43.516052
