SubjectID,width,duration,threshold,slope,lapse,guess,eta,deviance,residuals,loglikelihood
KB247,0.150000,100.000000,3.307808,0.369799,0.043341,0.150000,0.000000,2.422245,0.053390,43.207103
