SubjectID,width,duration,threshold,slope,lapse,guess,eta,deviance,residuals,loglikelihood
KC1086,0.150000,300.000000,4.789588,2.527848,0.150000,0.128209,0.000000,0.210305,0.003108,33.522423
