SubjectID,width,duration,threshold,slope,lapse,guess,eta,deviance,residuals,loglikelihood
IC1133,0.150000,100.000000,1.550665,0.147332,0.150000,0.082614,0.000002,4.706415,0.114133,45.622276
