SubjectID,width,duration,threshold,slope,lapse,guess,eta,deviance,residuals,loglikelihood
IC1077,0.150000,100.000000,6.246098,0.200182,0.118463,0.149923,0.000000,5.760891,0.135336,44.453759
