SubjectID,width,duration,threshold,slope,lapse,guess,eta,deviance,residuals,loglikelihood
KC1086,0.150000,100.000000,4.714595,1.047325,0.000000,0.149988,0.000000,5.631002,0.079688,33.292158
