SubjectID,width,duration,threshold,slope,lapse,guess,eta,deviance,residuals,loglikelihood
GC830,0.150000,100.000000,6.038868,0.212873,0.000001,0.140222,0.000000,8.894901,0.210085,43.124385
