SubjectID,width,duration,threshold,slope,lapse,guess,eta,deviance,residuals,loglikelihood
KB509,0.150000,100.000000,3.859454,2.426475,0.055522,0.067610,0.000000,0.416442,0.005367,24.159759
