SubjectID,width,duration,threshold,slope,lapse,guess,eta,deviance,residuals,loglikelihood
JC888,0.150000,300.000000,5.385056,0.361476,0.015384,0.150000,0.000000,0.500183,0.011717,45.629018
