SubjectID,width,duration,threshold,slope,lapse,guess,eta,deviance,residuals,loglikelihood
JC897,0.150000,100.000000,3.355874,1.560336,0.131840,0.150000,0.000144,1.893849,0.026449,35.643478
