SubjectID,width,duration,threshold,slope,lapse,guess,eta,deviance,residuals,loglikelihood
JC1101,0.150000,300.000000,4.776837,3.108450,0.000000,0.016581,0.000047,1.917878,0.004119,11.263742
