SubjectID,width,duration,threshold,slope,lapse,guess,eta,deviance,residuals,loglikelihood
GC1042,0.150000,100.000000,2.624660,1.298298,0.150000,0.105357,0.000146,2.084834,0.037755,38.263380
