SubjectID,width,duration,threshold,slope,lapse,guess,eta,deviance,residuals,loglikelihood
HB365,0.150000,300.000000,5.071267,1.975814,0.127298,0.060753,0.000000,0.118728,0.002026,27.909775
