SubjectID,width,duration,threshold,slope,lapse,guess,eta,deviance,residuals,loglikelihood
IC1018,0.150000,100.000000,4.350124,3.643340,0.023731,0.000000,0.000097,3.905533,0.020463,6.376045
