SubjectID,width,duration,threshold,slope,lapse,guess,eta,deviance,residuals,loglikelihood
KB749,0.150000,300.000000,4.693175,3.156568,0.031743,0.034551,0.000000,4.572770,0.018981,14.624497
