SubjectID,width,duration,threshold,slope,lapse,guess,eta,deviance,residuals,loglikelihood
JC918,0.150000,100.000000,4.514920,0.694492,0.150000,0.150000,0.000000,2.770229,0.053456,42.095696
