SubjectID,width,duration,threshold,slope,lapse,guess,eta,deviance,residuals,loglikelihood
GC1042,0.150000,300.000000,4.492316,0.822385,0.141569,0.139473,0.000000,1.333450,0.026073,40.504557
