SubjectID,width,duration,threshold,slope,lapse,guess,eta,deviance,residuals,loglikelihood
HB365,0.150000,100.000000,4.221023,1.970332,0.124346,0.150000,0.000000,3.256321,0.051990,36.652912
