SubjectID,width,duration,threshold,slope,lapse,guess,eta,deviance,residuals,loglikelihood
HC1041,0.150000,100.000000,6.060842,0.457587,0.000156,0.150000,0.000000,4.041685,0.088867,42.541808
