SubjectID,width,duration,threshold,slope,lapse,guess,eta,deviance,residuals,loglikelihood
LC1078,0.150000,100.000000,3.711322,1.958444,0.057269,0.029654,0.000000,5.021533,0.044273,21.500928
