SubjectID,width,duration,threshold,slope,lapse,guess,eta,deviance,residuals,loglikelihood
IC880,0.150000,100.000000,2.105765,0.148067,0.150000,0.098767,0.000000,3.539378,0.086920,46.732357
