SubjectID,width,duration,threshold,slope,lapse,guess,eta,deviance,residuals,loglikelihood
GB702,0.150000,300.000000,1.464801,0.656828,0.114665,0.000068,0.000000,2.787455,0.047414,37.570586
