SubjectID,width,duration,threshold,slope,lapse,guess,eta,deviance,residuals,loglikelihood
IC969,0.150000,300.000000,3.457816,1.674732,0.093609,0.150000,0.000000,0.467223,0.005155,33.406096
