SubjectID,width,duration,threshold,slope,lapse,guess,eta,deviance,residuals,loglikelihood
IB217,0.150000,100.000000,4.348331,3.008282,0.025872,0.000000,0.000000,1.190982,0.002475,12.175197
