SubjectID,width,duration,threshold,slope,lapse,guess,eta,deviance,residuals,loglikelihood
KB247,0.150000,300.000000,5.083390,0.874929,0.000001,0.149997,0.000058,4.377815,0.083852,38.260992
