SubjectID,width,duration,threshold,slope,lapse,guess,eta,deviance,residuals,loglikelihood
HC958,0.150000,100.000000,4.550112,0.646699,0.000284,0.150000,0.000000,1.153085,0.025991,40.784600
