SubjectID,width,duration,threshold,slope,lapse,guess,eta,deviance,residuals,loglikelihood
HB631,0.150000,100.000000,4.773544,0.362721,0.000295,0.150000,0.000000,4.509120,0.101905,43.369738
