SubjectID,width,duration,threshold,slope,lapse,guess,eta,deviance,residuals,loglikelihood
HB631,0.150000,300.000000,4.706725,0.244915,0.119263,0.149738,0.000000,1.031286,0.024560,46.900745
