SubjectID,width,duration,threshold,slope,lapse,guess,eta,deviance,residuals,loglikelihood
GB618,0.150000,100.000000,4.204042,0.746843,0.000000,0.129590,0.000000,4.981173,0.100642,35.927316
