SubjectID,width,duration,threshold,slope,lapse,guess,eta,deviance,residuals,loglikelihood
JC876,0.150000,300.000000,5.168224,1.681082,0.000000,0.141350,0.000002,2.751253,0.031914,29.990641
