SubjectID,width,duration,threshold,slope,lapse,guess,eta,deviance,residuals,loglikelihood
GC865,0.150000,300.000000,4.586861,0.737005,0.087179,0.000000,0.000000,2.190756,0.022149,34.935427
