SubjectID,width,duration,threshold,slope,lapse,guess,eta,deviance,residuals,loglikelihood
IB642,0.150000,300.000000,2.895289,0.147222,0.150000,0.053242,0.001000,6.700119,0.163559,45.808135
