SubjectID,width,duration,threshold,slope,lapse,guess,eta,deviance,residuals,loglikelihood
IC951,0.150000,100.000000,4.129946,3.033026,0.020069,0.064748,0.000000,5.485744,0.034587,16.267766
