SubjectID,width,duration,threshold,slope,lapse,guess,eta,deviance,residuals,loglikelihood
HB205,0.150000,300.000000,4.224747,3.171496,0.000000,0.000000,0.000219,0.521870,0.000586,8.814442
