SubjectID,width,duration,threshold,slope,lapse,guess,eta,deviance,residuals,loglikelihood
KC939,0.150000,100.000000,3.250628,0.512126,0.150000,0.000045,0.000000,3.106676,0.071393,42.176833
