SubjectID,width,duration,threshold,slope,lapse,guess,eta,deviance,residuals,loglikelihood
JC930,0.150000,300.000000,3.876173,2.945032,0.021327,0.034482,0.000000,3.248616,0.011803,15.734578
