SubjectID,width,duration,threshold,slope,lapse,guess,eta,deviance,residuals,loglikelihood
KC933,0.150000,100.000000,4.140243,0.488763,0.105395,0.150000,0.000000,2.979019,0.064942,43.537951
