SubjectID,width,duration,threshold,slope,lapse,guess,eta,deviance,residuals,loglikelihood
JC1050,0.150000,100.000000,4.067279,0.528977,0.150000,0.150000,0.000000,7.572953,0.166910,41.099554
