SubjectID,width,duration,threshold,slope,lapse,guess,eta,deviance,residuals,loglikelihood
IC928,0.150000,100.000000,4.225356,0.188424,0.092509,0.000000,0.000000,3.767444,0.090592,45.213138
