SubjectID,width,duration,threshold,slope,lapse,guess,eta,deviance,residuals,loglikelihood
GC865,0.150000,100.000000,4.550790,1.488222,0.063975,0.089582,0.000000,1.062244,0.018806,30.555583
