SubjectID,width,duration,threshold,slope,lapse,guess,eta,deviance,residuals,loglikelihood
IC955,0.150000,100.000000,6.593001,0.147452,0.076085,0.150000,0.359310,35.727520,0.832193,35.112678
