SubjectID,width,duration,threshold,slope,lapse,guess,eta,deviance,residuals,loglikelihood
JB340,0.150000,100.000000,4.434147,3.041326,0.018937,0.000000,0.000000,1.165636,0.003315,11.380069
