SubjectID,width,duration,threshold,slope,lapse,guess,eta,deviance,residuals,loglikelihood
IC1099,0.150000,100.000000,0.932580,0.315561,0.150000,0.000000,0.000002,2.869473,0.065728,44.333078
