SubjectID,width,duration,threshold,slope,lapse,guess,eta,deviance,residuals,loglikelihood
HC862,0.150000,300.000000,4.258305,3.091835,0.103847,0.115740,0.000000,5.332895,0.053675,25.827838
