SubjectID,width,duration,threshold,slope,lapse,guess,eta,deviance,residuals,loglikelihood
IC980,0.150000,100.000000,1.882259,0.147222,0.150000,0.071010,0.000759,7.100663,0.168015,44.538605
