SubjectID,width,duration,threshold,slope,lapse,guess,eta,deviance,residuals,loglikelihood
GB241,0.150000,300.000000,4.372922,3.311427,0.000000,0.020790,0.000000,2.094792,0.007004,9.902625
