SubjectID,width,duration,threshold,slope,lapse,guess,eta,deviance,residuals,loglikelihood
KC933,0.250000,300.000000,4.600620,3.314190,0.174329,0.146879,0.000000,4.217630,0.064539,30.831862
