SubjectID,width,duration,threshold,slope,lapse,guess,eta,deviance,residuals,loglikelihood
GB702,0.250000,100.000000,3.955906,0.563802,0.000006,0.249998,0.000000,2.297320,0.039193,39.840770
