SubjectID,width,duration,threshold,slope,lapse,guess,eta,deviance,residuals,loglikelihood
HB365,0.250000,300.000000,5.071343,1.975523,0.127273,0.060763,0.000000,0.118728,0.002026,27.909775
