SubjectID,width,duration,threshold,slope,lapse,guess,eta,deviance,residuals,loglikelihood
IC1082,0.250000,300.000000,4.257396,1.850894,0.172482,0.249997,0.000000,1.985192,0.027864,39.486272
