SubjectID,width,duration,threshold,slope,lapse,guess,eta,deviance,residuals,loglikelihood
HC1025,0.250000,300.000000,4.939622,2.977871,0.052738,0.068957,0.000000,2.118541,0.010287,22.110623
