SubjectID,width,duration,threshold,slope,lapse,guess,eta,deviance,residuals,loglikelihood
KC941,0.250000,100.000000,1.359410,0.193659,0.195678,0.214730,0.000000,2.372220,0.058183,46.015892
