SubjectID,width,duration,threshold,slope,lapse,guess,eta,deviance,residuals,loglikelihood
HC1065,0.250000,100.000000,4.140413,2.198828,0.204859,0.145297,0.000000,0.636906,0.010540,36.139937
