SubjectID,width,duration,threshold,slope,lapse,guess,eta,deviance,residuals,loglikelihood
IC946,0.250000,300.000000,3.885034,2.844595,0.116564,0.125064,0.000000,0.685997,0.008473,30.239257
