SubjectID,width,duration,threshold,slope,lapse,guess,eta,deviance,residuals,loglikelihood
HC952,0.250000,300.000000,4.513465,3.128499,0.208897,0.042424,0.000000,4.677277,0.039009,23.944527
