SubjectID,width,duration,threshold,slope,lapse,guess,eta,deviance,residuals,loglikelihood
LC1078,0.250000,300.000000,4.163440,2.865056,0.000000,0.000000,0.000000,0.553389,0.004022,11.263742
