SubjectID,width,duration,threshold,slope,lapse,guess,eta,deviance,residuals,loglikelihood
IC1018,0.250000,300.000000,4.381805,3.164628,0.057262,0.000000,0.000045,0.404316,0.002177,13.829369
