SubjectID,width,duration,threshold,slope,lapse,guess,eta,deviance,residuals,loglikelihood
GB618,0.250000,300.000000,5.528070,2.833081,0.250000,0.234808,0.000489,3.760249,0.071077,39.843158
