SubjectID,width,duration,threshold,slope,lapse,guess,eta,deviance,residuals,loglikelihood
JB758,0.250000,300.000000,4.558839,3.118868,0.019171,0.077687,0.000000,3.745748,0.024184,18.156279
