SubjectID,width,duration,threshold,slope,lapse,guess,eta,deviance,residuals,loglikelihood
JC897,0.250000,100.000000,3.637173,2.173327,0.134667,0.230767,0.000000,1.558588,0.021766,35.643478
