SubjectID,width,duration,threshold,slope,lapse,guess,eta,deviance,residuals,loglikelihood
IC980,0.250000,300.000000,4.927540,2.965521,0.107543,0.143484,0.000000,1.879811,0.023175,30.567535
