SubjectID,width,duration,threshold,slope,lapse,guess,eta,deviance,residuals,loglikelihood
IC1077,0.250000,100.000000,5.870955,0.321568,0.240978,0.250000,0.000000,5.708273,0.134030,44.453759
