SubjectID,width,duration,threshold,slope,lapse,guess,eta,deviance,residuals,loglikelihood
IB642,0.250000,300.000000,5.947316,0.147222,0.228006,0.250000,0.002008,5.942232,0.144976,45.808135
