SubjectID,width,duration,threshold,slope,lapse,guess,eta,deviance,residuals,loglikelihood
IB217,0.250000,300.000000,4.361138,3.305149,0.000000,0.000000,0.000028,0.585412,0.002911,7.453325
