SubjectID,width,duration,threshold,slope,lapse,guess,eta,deviance,residuals,loglikelihood
IC946,0.250000,100.000000,2.917489,2.149731,0.039802,0.000000,0.000114,1.348669,0.003184,19.661323
