SubjectID,width,duration,threshold,slope,lapse,guess,eta,deviance,residuals,loglikelihood
JC1101,0.250000,300.000000,4.776469,3.104596,0.000000,0.016290,0.000000,1.920166,0.004129,11.263742
