SubjectID,width,duration,threshold,slope,lapse,guess,eta,deviance,residuals,loglikelihood
IC1088,0.250000,300.000000,4.373677,1.002790,0.249999,0.192274,0.000050,2.079811,0.045137,42.154935
