SubjectID,width,duration,threshold,slope,lapse,guess,eta,deviance,residuals,loglikelihood
GB241,0.250000,300.000000,4.374553,3.313936,0.000000,0.020980,0.000001,2.091579,0.006954,9.902625
