SubjectID,width,duration,threshold,slope,lapse,guess,eta,deviance,residuals,loglikelihood
KC941,0.250000,300.000000,0.556306,0.147223,0.150585,0.249934,0.000005,6.794018,0.156796,43.516052
