SubjectID,width,duration,threshold,slope,lapse,guess,eta,deviance,residuals,loglikelihood
HC960,0.250000,100.000000,2.948913,2.992571,0.220437,0.129767,0.000000,2.370416,0.034974,35.457620
