SubjectID,width,duration,threshold,slope,lapse,guess,eta,deviance,residuals,loglikelihood
LC1031,0.250000,300.000000,5.107735,1.749607,0.043033,0.152942,0.000000,1.747440,0.023137,32.336906
