SubjectID,width,duration,threshold,slope,lapse,guess,eta,deviance,residuals,loglikelihood
KB375,0.250000,300.000000,4.610970,3.025626,0.016959,0.021373,0.000000,2.462636,0.007168,13.829369
