SubjectID,width,duration,threshold,slope,lapse,guess,eta,deviance,residuals,loglikelihood
HC1024,0.250000,100.000000,3.916048,2.966548,0.249994,0.174193,0.000301,3.220457,0.050045,36.818737
