SubjectID,width,duration,threshold,slope,lapse,guess,eta,deviance,residuals,loglikelihood
JB340,0.250000,300.000000,4.351753,1.999567,0.047150,0.000000,0.000000,1.812722,0.021921,18.833394
