SubjectID,width,duration,threshold,slope,lapse,guess,eta,deviance,residuals,loglikelihood
LC1078,0.250000,100.000000,3.714517,1.954144,0.057116,0.029765,0.000000,5.021648,0.044463,21.500928
