SubjectID,width,duration,threshold,slope,lapse,guess,eta,deviance,residuals,loglikelihood
KC979,0.250000,100.000000,5.122099,0.586040,0.013233,0.250000,0.000000,0.774053,0.015178,43.875600
