SubjectID,width,duration,threshold,slope,lapse,guess,eta,deviance,residuals,loglikelihood
IC988,0.250000,100.000000,5.544548,1.184828,0.000032,0.250000,0.000000,12.764454,0.176418,33.851938
