SubjectID,width,duration,threshold,slope,lapse,guess,eta,deviance,residuals,loglikelihood
HB365,0.250000,100.000000,4.378805,2.540059,0.133545,0.248403,0.000000,1.560488,0.028304,36.652912
