SubjectID,width,duration,threshold,slope,lapse,guess,eta,deviance,residuals,loglikelihood
GB208,0.250000,100.000000,3.672170,1.776971,0.014640,0.030282,0.000000,3.001533,0.017711,20.443159
