SubjectID,width,duration,threshold,slope,lapse,guess,eta,deviance,residuals,loglikelihood
HB366,0.250000,100.000000,4.939410,2.850386,0.000000,0.038650,0.000000,1.442284,0.006033,16.527318
