SubjectID,width,duration,threshold,slope,lapse,guess,eta,deviance,residuals,loglikelihood
IB754,0.250000,300.000000,4.485764,3.061736,0.242679,0.163306,0.000000,1.344492,0.023523,36.054120
