SubjectID,width,duration,threshold,slope,lapse,guess,eta,deviance,residuals,loglikelihood
JB578,0.250000,300.000000,4.702990,1.136995,0.249988,0.184224,0.000035,0.175894,0.003797,41.811858
