SubjectID,width,duration,threshold,slope,lapse,guess,eta,deviance,residuals,loglikelihood
IC964,0.250000,300.000000,4.153220,0.916513,0.247240,0.250000,0.000000,6.308696,0.124344,41.837063
