SubjectID,width,duration,threshold,slope,lapse,guess,eta,deviance,residuals,loglikelihood
HC1079,0.250000,100.000000,3.794913,1.551331,0.176082,0.065059,0.000000,0.606465,0.009655,33.814350
