SubjectID,width,duration,threshold,slope,lapse,guess,eta,deviance,residuals,loglikelihood
HC1052,0.250000,100.000000,6.374743,0.767392,0.000000,0.249710,0.000000,2.788446,0.065965,42.635108
