SubjectID,width,duration,threshold,slope,lapse,guess,eta,deviance,residuals,loglikelihood
IC1082,0.250000,100.000000,5.224015,0.838708,0.000000,0.214742,0.000000,3.439293,0.063976,39.274780
