SubjectID,width,duration,threshold,slope,lapse,guess,eta,deviance,residuals,loglikelihood
HC1041,0.250000,300.000000,3.533719,0.374308,0.250000,0.240891,0.000000,2.882763,0.069331,45.993993
