SubjectID,width,duration,threshold,slope,lapse,guess,eta,deviance,residuals,loglikelihood
GB241,0.250000,100.000000,3.222444,2.107732,0.064860,0.000001,0.000034,3.514689,0.025380,21.105966
