SubjectID,width,duration,threshold,slope,lapse,guess,eta,deviance,residuals,loglikelihood
GB240,0.250000,300.000000,4.524935,3.228056,0.250000,0.176610,0.000000,3.985551,0.075006,35.394830
