SubjectID,width,duration,threshold,slope,lapse,guess,eta,deviance,residuals,loglikelihood
HB280,0.250000,100.000000,4.518492,2.573877,0.087469,0.085174,0.000000,0.589184,0.005157,26.799694
