SubjectID,width,duration,threshold,slope,lapse,guess,eta,deviance,residuals,loglikelihood
IC961,0.250000,300.000000,5.002379,1.964889,0.140055,0.159396,0.000000,3.791771,0.053473,33.698023
