SubjectID,width,duration,threshold,slope,lapse,guess,eta,deviance,residuals,loglikelihood
LC1019,0.250000,100.000000,1.000535,0.477615,0.249973,0.009645,0.000033,1.483592,0.033547,45.629018
