SubjectID,width,duration,threshold,slope,lapse,guess,eta,deviance,residuals,loglikelihood
KC933,0.250000,100.000000,4.147570,2.070413,0.250000,0.250000,0.000003,1.944108,0.039474,43.537951
