SubjectID,width,duration,threshold,slope,lapse,guess,eta,deviance,residuals,loglikelihood
JC888,0.250000,300.000000,5.022901,0.567855,0.169834,0.249712,0.000000,0.494534,0.011431,45.629018
