SubjectID,width,duration,threshold,slope,lapse,guess,eta,deviance,residuals,loglikelihood
KB247,0.250000,100.000000,3.425295,0.549627,0.132784,0.250000,0.000000,2.284271,0.050447,43.207103
