SubjectID,width,duration,threshold,slope,lapse,guess,eta,deviance,residuals,loglikelihood
JC1050,0.250000,100.000000,4.651875,3.043356,0.250000,0.250000,0.000013,6.633657,0.137853,41.099554
