SubjectID,width,duration,threshold,slope,lapse,guess,eta,deviance,residuals,loglikelihood
KC939,0.250000,100.000000,2.745772,0.748299,0.250000,0.014927,0.000000,2.557492,0.057907,42.176833
