SubjectID,width,duration,threshold,slope,lapse,guess,eta,deviance,residuals,loglikelihood
HB366,0.250000,300.000000,4.979842,3.064870,0.074579,0.014952,0.000000,2.801134,0.009201,15.734578
