SubjectID,width,duration,threshold,slope,lapse,guess,eta,deviance,residuals,loglikelihood
HC1065,0.250000,300.000000,4.314715,3.221541,0.051952,0.083565,0.000000,3.857627,0.029049,20.600377
