SubjectID,width,duration,threshold,slope,lapse,guess,eta,deviance,residuals,loglikelihood
HB631,0.250000,300.000000,6.889558,0.303198,0.000163,0.250000,0.000000,0.896444,0.021361,46.900745
