SubjectID,width,duration,threshold,slope,lapse,guess,eta,deviance,residuals,loglikelihood
HC1079,0.250000,300.000000,4.283752,3.227355,0.128692,0.126852,0.000000,2.014673,0.027394,29.133873
