SubjectID,width,duration,threshold,slope,lapse,guess,eta,deviance,residuals,loglikelihood
IC1077,0.250000,300.000000,1.659664,0.331616,0.250000,0.014698,0.000000,2.310152,0.055090,45.987251
