SubjectID,width,duration,threshold,slope,lapse,guess,eta,deviance,residuals,loglikelihood
JC888,0.250000,100.000000,2.277590,0.905742,0.187310,0.250000,0.000000,2.250196,0.044626,40.669401
