SubjectID,width,duration,threshold,slope,lapse,guess,eta,deviance,residuals,loglikelihood
IC1012,0.250000,300.000000,3.519187,2.236609,0.188373,0.033988,0.000000,1.948808,0.012912,29.708489
