SubjectID,width,duration,threshold,slope,lapse,guess,eta,deviance,residuals,loglikelihood
IB754,0.250000,100.000000,4.593171,3.169918,0.203356,0.250000,0.000111,7.478084,0.154820,39.172446
