SubjectID,width,duration,threshold,slope,lapse,guess,eta,deviance,residuals,loglikelihood
JC918,0.250000,300.000000,4.717182,3.045217,0.211934,0.158771,0.000000,2.008137,0.034181,34.518566
