SubjectID,width,duration,threshold,slope,lapse,guess,eta,deviance,residuals,loglikelihood
KB749,0.250000,100.000000,3.898345,1.386152,0.000000,0.000072,0.000000,2.980843,0.027679,21.522827
