SubjectID,width,duration,threshold,slope,lapse,guess,eta,deviance,residuals,loglikelihood
IC969,0.250000,100.000000,2.622010,3.015574,0.226431,0.168418,0.000000,0.475609,0.008691,37.979542
