SubjectID,width,duration,threshold,slope,lapse,guess,eta,deviance,residuals,loglikelihood
IB642,0.250000,100.000000,2.873378,0.147222,0.200107,0.182270,0.000000,1.421402,0.035385,48.006399
