SubjectID,width,duration,threshold,slope,lapse,guess,eta,deviance,residuals,loglikelihood
GB233,0.250000,300.000000,4.475287,3.209948,0.078818,0.020410,0.000000,5.209371,0.032469,15.306814
