SubjectID,width,duration,threshold,slope,lapse,guess,eta,deviance,residuals,loglikelihood
KB509,0.250000,100.000000,3.859633,2.427016,0.055550,0.067650,0.000000,0.416444,0.005364,24.159759
