SubjectID,width,duration,threshold,slope,lapse,guess,eta,deviance,residuals,loglikelihood
GB327,0.250000,100.000000,5.514265,0.303677,0.250000,0.250000,0.000000,2.234387,0.054503,46.374125
