SubjectID,width,duration,threshold,slope,lapse,guess,eta,deviance,residuals,loglikelihood
JC918,0.250000,100.000000,4.188556,1.841014,0.250000,0.229465,0.000045,1.801558,0.033155,42.095696
