SubjectID,width,duration,threshold,slope,lapse,guess,eta,deviance,residuals,loglikelihood
HB205,0.250000,100.000000,3.183164,3.006814,0.084194,0.093641,0.000000,0.770754,0.006950,25.858251
