SubjectID,width,duration,threshold,slope,lapse,guess,eta,deviance,residuals,loglikelihood
LC1031,0.250000,100.000000,4.501537,1.611099,0.143324,0.090227,0.000000,3.889401,0.036469,31.185934
