SubjectID,width,duration,threshold,slope,lapse,guess,eta,deviance,residuals,loglikelihood
HB631,0.250000,100.000000,5.469433,0.475695,0.000136,0.250000,0.000000,4.291908,0.097584,43.369738
