SubjectID,width,duration,threshold,slope,lapse,guess,eta,deviance,residuals,loglikelihood
JC1050,0.250000,300.000000,5.004472,1.848678,0.112417,0.188365,0.000000,0.479742,0.007596,36.369074
