SubjectID,width,duration,threshold,slope,lapse,guess,eta,deviance,residuals,loglikelihood
KB247,0.250000,300.000000,5.503622,1.653873,0.015755,0.250000,0.000000,2.211563,0.045300,38.260992
