SubjectID,width,duration,threshold,slope,lapse,guess,eta,deviance,residuals,loglikelihood
IC920,0.250000,300.000000,6.852207,0.656474,0.000645,0.228367,0.000000,1.359770,0.030714,43.151077
