SubjectID,width,duration,threshold,slope,lapse,guess,eta,deviance,residuals,loglikelihood
IB640,0.250000,100.000000,3.527710,3.089205,0.043657,0.021976,0.000000,4.214719,0.016801,15.306814
