SubjectID,width,duration,threshold,slope,lapse,guess,eta,deviance,residuals,loglikelihood
IC969,0.250000,300.000000,3.541796,1.869650,0.096619,0.183585,0.000000,0.386060,0.004382,33.406096
