SubjectID,width,duration,threshold,slope,lapse,guess,eta,deviance,residuals,loglikelihood
HC896,0.250000,100.000000,7.011397,0.178202,0.126167,0.250000,0.001842,2.264186,0.055989,47.077382
