SubjectID,width,duration,threshold,slope,lapse,guess,eta,deviance,residuals,loglikelihood
IC951,0.250000,100.000000,4.130011,3.033121,0.020066,0.064759,0.000000,5.485709,0.034580,16.267766
