SubjectID,width,duration,threshold,slope,lapse,guess,eta,deviance,residuals,loglikelihood
GC1042,0.250000,300.000000,4.489651,0.819194,0.141083,0.138601,0.000000,1.333457,0.026094,40.504557
