SubjectID,width,duration,threshold,slope,lapse,guess,eta,deviance,residuals,loglikelihood
IC928,0.250000,300.000000,4.099827,0.879745,0.192243,0.250000,0.000000,2.104138,0.048722,42.993859
