SubjectID,width,duration,threshold,slope,lapse,guess,eta,deviance,residuals,loglikelihood
IC920,0.250000,100.000000,3.665985,1.097476,0.250000,0.250000,0.000018,1.750500,0.038241,44.132063
