SubjectID,width,duration,threshold,slope,lapse,guess,eta,deviance,residuals,loglikelihood
HC958,0.250000,100.000000,4.547989,1.185508,0.116087,0.250000,0.000000,0.833831,0.017688,40.784600
