SubjectID,width,duration,threshold,slope,lapse,guess,eta,deviance,residuals,loglikelihood
IC1045,0.250000,100.000000,3.668254,0.147222,0.249966,0.227030,0.000000,11.642148,0.279085,42.891809
