SubjectID,width,duration,threshold,slope,lapse,guess,eta,deviance,residuals,loglikelihood
LC903,0.250000,100.000000,1.999600,0.360718,0.248531,0.000000,0.000000,2.422111,0.056818,45.530406
