SubjectID,width,duration,threshold,slope,lapse,guess,eta,deviance,residuals,loglikelihood
KC979,0.250000,300.000000,2.256069,0.147222,0.250000,0.184123,0.001453,6.701182,0.162429,45.443500
