SubjectID,width,duration,threshold,slope,lapse,guess,eta,deviance,residuals,loglikelihood
HB280,0.250000,300.000000,4.712512,3.169372,0.032643,0.102045,0.000000,1.808600,0.009569,22.477986
