SubjectID,width,duration,threshold,slope,lapse,guess,eta,deviance,residuals,loglikelihood
JC876,0.250000,100.000000,4.538967,3.023001,0.224363,0.107857,0.000000,1.387373,0.016134,32.074967
