SubjectID,width,duration,threshold,slope,lapse,guess,eta,deviance,residuals,loglikelihood
GC830,0.250000,100.000000,6.751511,0.339134,0.000530,0.250000,0.000000,8.566699,0.201799,43.124385
