SubjectID,width,duration,threshold,slope,lapse,guess,eta,deviance,residuals,loglikelihood
IC1012,0.250000,100.000000,3.887033,1.208346,0.034375,0.013949,0.000000,3.637714,0.037387,26.786402
