SubjectID,width,duration,threshold,slope,lapse,guess,eta,deviance,residuals,loglikelihood
GB233,0.250000,100.000000,3.442022,3.037003,0.062989,0.000002,0.000000,2.193561,0.009124,16.384093
