SubjectID,width,duration,threshold,slope,lapse,guess,eta,deviance,residuals,loglikelihood
GB618,0.250000,100.000000,4.176361,0.739318,0.000000,0.123909,0.000000,4.980868,0.100774,35.927316
