SubjectID,width,duration,threshold,slope,lapse,guess,eta,deviance,residuals,loglikelihood
GB702,0.250000,300.000000,1.472581,0.657348,0.114270,0.000000,0.000000,2.787530,0.047433,37.570586
