SubjectID,width,duration,threshold,slope,lapse,guess,eta,deviance,residuals,loglikelihood
GC981,0.250000,100.000000,2.823599,3.013400,0.250000,0.206414,0.000130,5.358684,0.110528,42.823402
