SubjectID,width,duration,threshold,slope,lapse,guess,eta,deviance,residuals,loglikelihood
LC903,0.250000,300.000000,3.923329,2.959871,0.172528,0.069683,0.000000,1.032372,0.015853,29.387219
