SubjectID,width,duration,threshold,slope,lapse,guess,eta,deviance,residuals,loglikelihood
JB758,0.250000,100.000000,4.007346,1.537323,0.102904,0.000000,0.000000,9.385723,0.149073,22.066918
