SubjectID,width,duration,threshold,slope,lapse,guess,eta,deviance,residuals,loglikelihood
GC981,0.250000,300.000000,3.649105,3.002140,0.250000,0.224403,0.000083,2.670791,0.051373,40.066400
