SubjectID,width,duration,threshold,slope,lapse,guess,eta,deviance,residuals,loglikelihood
GB208,0.250000,300.000000,3.827031,2.101218,0.000000,0.038608,0.000000,2.233315,0.016625,17.606985
