SubjectID,width,duration,threshold,slope,lapse,guess,eta,deviance,residuals,loglikelihood
KC911,0.250000,100.000000,3.889307,2.972078,0.107600,0.110959,0.000000,4.604021,0.037928,26.819906
