SubjectID,width,duration,threshold,slope,lapse,guess,eta,deviance,residuals,loglikelihood
IC1018,0.250000,100.000000,4.347081,3.652919,0.022920,0.000000,0.000000,3.886301,0.020288,6.376045
