SubjectID,width,duration,threshold,slope,lapse,guess,eta,deviance,residuals,loglikelihood
IB748,0.250000,100.000000,4.203949,3.363997,0.043358,0.087075,0.000000,7.686561,0.045072,17.745211
