SubjectID,width,duration,threshold,slope,lapse,guess,eta,deviance,residuals,loglikelihood
IC951,0.250000,300.000000,4.904046,3.399773,0.000000,0.000018,0.000000,1.445024,0.002879,6.730117
