SubjectID,width,duration,threshold,slope,lapse,guess,eta,deviance,residuals,loglikelihood
JB340,0.250000,100.000000,4.426688,3.069642,0.022841,0.000000,0.000000,1.142262,0.003132,11.380069
