SubjectID,width,duration,threshold,slope,lapse,guess,eta,deviance,residuals,loglikelihood
JC930,0.250000,300.000000,3.875673,2.944916,0.021231,0.034521,0.000000,3.248625,0.011831,15.734578
