SubjectID,width,duration,threshold,slope,lapse,guess,eta,deviance,residuals,loglikelihood
HC952,0.250000,100.000000,3.766427,1.847114,0.107265,0.000223,0.000000,1.455497,0.014159,24.665347
