SubjectID,width,duration,threshold,slope,lapse,guess,eta,deviance,residuals,loglikelihood
KB509,0.250000,300.000000,4.807073,3.193645,0.000000,0.038668,0.000049,1.723993,0.004937,13.713042
