SubjectID,width,duration,threshold,slope,lapse,guess,eta,deviance,residuals,loglikelihood
HC958,0.250000,300.000000,5.204779,3.017668,0.201712,0.188264,0.000000,4.160362,0.066387,34.814921
