SubjectID,width,duration,threshold,slope,lapse,guess,eta,deviance,residuals,loglikelihood
KC939,0.250000,300.000000,3.879412,3.016641,0.250000,0.177113,0.000000,4.544993,0.081828,36.899874
