SubjectID,width,duration,threshold,slope,lapse,guess,eta,deviance,residuals,loglikelihood
JC1101,0.250000,100.000000,4.322540,2.582340,0.136344,0.049885,0.000000,5.898024,0.045622,23.773500
