SubjectID,width,duration,threshold,slope,lapse,guess,eta,deviance,residuals,loglikelihood
IC1088,0.250000,100.000000,3.260275,0.628296,0.250000,0.250000,0.000000,3.931902,0.086464,44.163360
