SubjectID,width,duration,threshold,slope,lapse,guess,eta,deviance,residuals,loglikelihood
IC928,0.250000,100.000000,4.387656,0.316172,0.250000,0.172136,0.000000,3.736700,0.089842,45.213138
