SubjectID,width,duration,threshold,slope,lapse,guess,eta,deviance,residuals,loglikelihood
KC911,0.250000,300.000000,4.237696,1.498713,0.039945,0.000000,0.000030,1.440064,0.015561,23.071576
