SubjectID,width,duration,threshold,slope,lapse,guess,eta,deviance,residuals,loglikelihood
HC862,0.250000,300.000000,4.257669,3.087102,0.103853,0.115244,0.000000,5.335542,0.053741,25.827838
