SubjectID,width,duration,threshold,slope,lapse,guess,eta,deviance,residuals,loglikelihood
GB327,0.250000,300.000000,2.388462,0.147222,0.249970,0.250000,0.513072,59.907105,1.271768,22.359974
