SubjectID,width,duration,threshold,slope,lapse,guess,eta,deviance,residuals,loglikelihood
IC988,0.250000,300.000000,3.600529,0.886589,0.133463,0.000000,0.000003,8.408687,0.158238,32.570920
