SubjectID,width,duration,threshold,slope,lapse,guess,eta,deviance,residuals,loglikelihood
IB640,0.250000,300.000000,4.569484,3.794371,0.026543,0.034417,0.000000,6.216110,0.036082,9.797201
