SubjectID,width,duration,threshold,slope,lapse,guess,eta,deviance,residuals,loglikelihood
GC830,0.250000,300.000000,4.615120,0.933899,0.250000,0.209975,0.000000,5.982976,0.112773,41.097166
