SubjectID,width,duration,threshold,slope,lapse,guess,eta,deviance,residuals,loglikelihood
HC1025,0.250000,100.000000,5.093435,2.966941,0.166711,0.115422,0.000000,1.806457,0.021701,30.464499
