SubjectID,width,duration,threshold,slope,lapse,guess,eta,deviance,residuals,loglikelihood
KB375,0.250000,100.000000,4.507208,1.340533,0.000000,0.032455,0.000000,2.694963,0.015972,24.840303
