SubjectID,width,duration,threshold,slope,lapse,guess,eta,deviance,residuals,loglikelihood
KC1086,0.250000,300.000000,4.726145,2.951964,0.192253,0.131493,0.000000,0.007987,0.000124,33.522423
