SubjectID,width,duration,threshold,slope,lapse,guess,eta,deviance,residuals,loglikelihood
KB749,0.250000,300.000000,4.694050,3.152309,0.032118,0.034343,0.000000,4.575913,0.019031,14.624497
