SubjectID,width,duration,threshold,slope,lapse,guess,eta,deviance,residuals,loglikelihood
IC964,0.250000,100.000000,4.040740,3.039770,0.249999,0.249999,0.000068,5.776458,0.119117,40.069977
