SubjectID,width,duration,threshold,slope,lapse,guess,eta,deviance,residuals,loglikelihood
JC930,0.250000,100.000000,3.391253,1.749045,0.000000,0.147797,0.000001,0.539565,0.005144,23.909338
