SubjectID,width,duration,threshold,slope,lapse,guess,eta,deviance,residuals,loglikelihood
HC862,0.250000,100.000000,3.377749,2.818972,0.065125,0.097975,0.000000,0.420916,0.004115,25.093112
