SubjectID,width,duration,threshold,slope,lapse,guess,eta,deviance,residuals,loglikelihood
GB240,0.250000,100.000000,4.624387,2.796784,0.096655,0.064649,0.000000,2.353470,0.012888,24.121256
