SubjectID,width,duration,threshold,slope,lapse,guess,eta,deviance,residuals,loglikelihood
JB578,0.250000,100.000000,3.034171,0.592098,0.207853,0.250000,0.000000,2.972864,0.070023,43.946205
