SubjectID,width,duration,threshold,slope,lapse,guess,eta,deviance,residuals,loglikelihood
IB217,0.250000,100.000000,4.349420,3.012293,0.025239,0.000000,0.000010,1.189505,0.002491,12.175197
