SubjectID,width,duration,threshold,slope,lapse,guess,eta,deviance,residuals,loglikelihood
JC876,0.250000,300.000000,5.168562,1.696875,0.000000,0.140908,0.000000,2.752141,0.032170,29.990641
