SubjectID,width,duration,threshold,slope,lapse,guess,eta,deviance,residuals,loglikelihood
HB205,0.250000,300.000000,4.225540,3.167307,0.000064,0.000000,0.000000,0.528099,0.000604,8.814442
