SubjectID,width,duration,threshold,slope,lapse,guess,eta,deviance,residuals,loglikelihood
IC961,0.250000,100.000000,4.523917,2.982751,0.249997,0.195128,0.000000,2.812351,0.057082,39.602599
