SubjectID,width,duration,threshold,slope,lapse,guess,eta,deviance,residuals,loglikelihood
LC1019,0.250000,300.000000,7.042165,0.147222,0.250000,0.164584,0.001298,8.685163,0.196816,42.438773
