SubjectID,width,duration,threshold,slope,lapse,guess,eta,deviance,residuals,loglikelihood
JC897,0.250000,300.000000,4.809970,3.166699,0.188084,0.185265,0.000000,3.646647,0.055005,34.392229
