SubjectID,width,duration,threshold,slope,lapse,guess,eta,deviance,residuals,loglikelihood
GC1042,0.250000,100.000000,2.565326,2.947963,0.227429,0.187295,0.000000,1.220768,0.021425,38.263380
