SubjectID,width,duration,threshold,slope,lapse,guess,eta,deviance,residuals,loglikelihood
KC1086,0.250000,100.000000,4.792436,1.104319,0.000000,0.169959,0.000000,5.599471,0.080484,33.292158
