SubjectID,width,duration,threshold,slope,lapse,guess,eta,deviance,residuals,loglikelihood
IB217,0.100000,100.000000,4.348899,3.013168,0.025290,0.000000,0.000000,1.189241,0.002480,12.175197
