SubjectID,width,duration,threshold,slope,lapse,guess,eta,deviance,residuals,loglikelihood
KC941,0.100000,100.000000,0.990830,0.147263,0.100000,0.084816,0.001677,2.379485,0.058351,46.015892
