SubjectID,width,duration,threshold,slope,lapse,guess,eta,deviance,residuals,loglikelihood
IC1045,0.100000,300.000000,3.770991,0.147222,0.081086,0.100000,0.002126,6.091862,0.149101,46.352226
