SubjectID,width,duration,threshold,slope,lapse,guess,eta,deviance,residuals,loglikelihood
HC862,0.100000,100.000000,3.374519,2.822631,0.065054,0.096954,0.000000,0.420609,0.004101,25.093112
