SubjectID,width,duration,threshold,slope,lapse,guess,eta,deviance,residuals,loglikelihood
GC1042,0.100000,100.000000,2.541628,0.796331,0.100000,0.005575,0.000000,3.137138,0.054725,38.263380
