SubjectID,width,duration,threshold,slope,lapse,guess,eta,deviance,residuals,loglikelihood
LC1078,0.100000,100.000000,3.711161,1.958666,0.057306,0.029545,0.000000,5.021539,0.044264,21.500928
