SubjectID,width,duration,threshold,slope,lapse,guess,eta,deviance,residuals,loglikelihood
GB240,0.100000,100.000000,4.617431,2.778532,0.097992,0.063664,0.000000,2.354287,0.012913,24.121256
