SubjectID,width,duration,threshold,slope,lapse,guess,eta,deviance,residuals,loglikelihood
JC1101,0.100000,100.000000,4.372650,2.442158,0.100000,0.048053,0.000000,6.161313,0.047701,23.773500
