SubjectID,width,duration,threshold,slope,lapse,guess,eta,deviance,residuals,loglikelihood
KB509,0.100000,100.000000,3.859473,2.425520,0.055528,0.067564,0.000000,0.416443,0.005364,24.159759
