SubjectID,width,duration,threshold,slope,lapse,guess,eta,deviance,residuals,loglikelihood
GB327,0.100000,300.000000,1.814258,0.147333,0.100000,0.100000,0.531731,65.495027,1.404605,22.359974
