SubjectID,width,duration,threshold,slope,lapse,guess,eta,deviance,residuals,loglikelihood
IB754,0.100000,300.000000,4.713976,0.993353,0.100000,0.099736,0.000000,3.276753,0.068979,36.054120
