SubjectID,width,duration,threshold,slope,lapse,guess,eta,deviance,residuals,loglikelihood
KB247,0.100000,100.000000,3.236643,0.322643,0.000000,0.097915,0.000000,2.458190,0.054150,43.207103
