SubjectID,width,duration,threshold,slope,lapse,guess,eta,deviance,residuals,loglikelihood
KB375,0.100000,300.000000,4.609819,3.023392,0.016716,0.022268,0.000000,2.464127,0.007172,13.829369
