SubjectID,width,duration,threshold,slope,lapse,guess,eta,deviance,residuals,loglikelihood
KB578,0.100000,100.000000,2.652279,0.334399,0.099303,0.100000,0.000000,3.122475,0.073851,43.946205
