SubjectID,width,duration,threshold,slope,lapse,guess,eta,deviance,residuals,loglikelihood
GB241,0.100000,300.000000,4.375758,3.305027,0.000015,0.021992,0.000000,2.104610,0.007103,9.902625
