SubjectID,width,duration,threshold,slope,lapse,guess,eta,deviance,residuals,loglikelihood
IC1082,0.100000,300.000000,3.784426,0.731610,0.100000,0.100000,0.000018,3.195658,0.049565,39.486272
