SubjectID,width,duration,threshold,slope,lapse,guess,eta,deviance,residuals,loglikelihood
IC980,0.100000,100.000000,3.284550,0.147222,0.100000,0.096050,0.002705,7.143037,0.169003,44.538605
