SubjectID,width,duration,threshold,slope,lapse,guess,eta,deviance,residuals,loglikelihood
GB702,0.100000,300.000000,1.504423,0.614472,0.100000,0.000291,0.000000,2.797404,0.047609,37.570586
