SubjectID,width,duration,threshold,slope,lapse,guess,eta,deviance,residuals,loglikelihood
IB748,0.100000,300.000000,3.988834,3.040458,0.000000,0.044194,0.000000,4.299790,0.022949,13.106162
