SubjectID,width,duration,threshold,slope,lapse,guess,eta,deviance,residuals,loglikelihood
GB233,0.100000,100.000000,3.442540,3.029822,0.063137,0.000001,0.000042,2.196264,0.009137,16.384093
