SubjectID,width,duration,threshold,slope,lapse,guess,eta,deviance,residuals,loglikelihood
IC955,0.100000,300.000000,5.701457,0.148103,0.073683,0.100000,0.358489,34.846171,0.803646,35.890587
