SubjectID,width,duration,threshold,slope,lapse,guess,eta,deviance,residuals,loglikelihood
LC1078,0.100000,300.000000,4.162358,2.875208,0.000000,0.000000,0.000000,0.553504,0.004046,11.263742
