SubjectID,width,duration,threshold,slope,lapse,guess,eta,deviance,residuals,loglikelihood
KC933,0.100000,300.000000,4.634536,3.154210,0.100000,0.100000,0.000014,6.322527,0.081612,30.831862
