SubjectID,width,duration,threshold,slope,lapse,guess,eta,deviance,residuals,loglikelihood
JC876,0.100000,300.000000,5.060640,1.510600,0.000062,0.100000,0.000000,3.137446,0.033188,29.990641
