SubjectID,width,duration,threshold,slope,lapse,guess,eta,deviance,residuals,loglikelihood
JB340,0.100000,300.000000,4.351049,1.996200,0.046895,0.000000,0.000000,1.812801,0.022013,18.833394
