SubjectID,width,duration,threshold,slope,lapse,guess,eta,deviance,residuals,loglikelihood
HC1065,0.100000,300.000000,4.307883,3.219314,0.052600,0.083070,0.000000,3.858751,0.029233,20.600377
