SubjectID,width,duration,threshold,slope,lapse,guess,eta,deviance,residuals,loglikelihood
IB642,0.100000,300.000000,4.224822,0.147222,0.087156,0.060287,0.000000,6.863329,0.167444,45.808135
