SubjectID,width,duration,threshold,slope,lapse,guess,eta,deviance,residuals,loglikelihood
HB205,0.100000,300.000000,4.223424,3.167909,0.000000,0.000007,0.000000,0.525423,0.000582,8.814442
