SubjectID,width,duration,threshold,slope,lapse,guess,eta,deviance,residuals,loglikelihood
JC930,0.100000,100.000000,3.258522,1.572534,0.000000,0.100000,0.000000,0.666126,0.007417,23.909338
