SubjectID,width,duration,threshold,slope,lapse,guess,eta,deviance,residuals,loglikelihood
IC1012,0.100000,300.000000,3.763511,1.468178,0.099997,0.019484,0.000000,2.992063,0.023146,29.708489
