SubjectID,width,duration,threshold,slope,lapse,guess,eta,deviance,residuals,loglikelihood
GB702,0.100000,100.000000,3.090566,0.467682,0.000080,0.100000,0.000000,2.334790,0.039481,39.840770
