SubjectID,width,duration,threshold,slope,lapse,guess,eta,deviance,residuals,loglikelihood
IC1077,0.100000,300.000000,3.867471,0.247817,0.100000,0.099498,0.000000,2.484465,0.059175,45.987251
