SubjectID,width,duration,threshold,slope,lapse,guess,eta,deviance,residuals,loglikelihood
HB280,0.100000,300.000000,4.711037,3.166622,0.032438,0.100000,0.000000,1.812437,0.009536,22.477986
