SubjectID,width,duration,threshold,slope,lapse,guess,eta,deviance,residuals,loglikelihood
JB758,0.100000,100.000000,4.018362,1.534803,0.099783,0.000000,0.000000,9.387324,0.148698,22.066918
