SubjectID,width,duration,threshold,slope,lapse,guess,eta,deviance,residuals,loglikelihood
IC1018,0.100000,100.000000,4.350635,3.643673,0.024271,0.000000,0.000000,3.906286,0.020508,6.376045
