SubjectID,width,duration,threshold,slope,lapse,guess,eta,deviance,residuals,loglikelihood
KB247,0.100000,300.000000,4.769224,0.660593,0.000052,0.100000,0.000001,5.161818,0.101752,38.260992
