SubjectID,width,duration,threshold,slope,lapse,guess,eta,deviance,residuals,loglikelihood
HB365,0.100000,300.000000,5.131989,1.814860,0.100000,0.058950,0.000000,0.148423,0.002546,27.909775
