SubjectID,width,duration,threshold,slope,lapse,guess,eta,deviance,residuals,loglikelihood
GC981,0.100000,300.000000,3.461663,0.552185,0.100000,0.000006,0.000000,4.291742,0.091021,40.066400
