SubjectID,width,duration,threshold,slope,lapse,guess,eta,deviance,residuals,loglikelihood
JC897,0.100000,100.000000,3.238952,1.162845,0.100000,0.100000,0.000000,2.385222,0.032270,35.643478
