SubjectID,width,duration,threshold,slope,lapse,guess,eta,deviance,residuals,loglikelihood
HB366,0.100000,300.000000,4.979561,3.064774,0.074615,0.014932,0.000000,2.801183,0.009188,15.734578
