SubjectID,width,duration,threshold,slope,lapse,guess,eta,deviance,residuals,loglikelihood
HC958,0.100000,300.000000,5.125960,1.077339,0.099519,0.100000,0.000000,5.815274,0.098565,34.814921
