SubjectID,width,duration,threshold,slope,lapse,guess,eta,deviance,residuals,loglikelihood
IC1088,0.100000,100.000000,2.475553,0.295963,0.100000,0.000006,0.000371,4.092452,0.089619,44.163360
