SubjectID,width,duration,threshold,slope,lapse,guess,eta,deviance,residuals,loglikelihood
JB340,0.100000,100.000000,4.427851,3.054272,0.022398,0.000032,0.000000,1.152037,0.003221,11.380069
