SubjectID,width,duration,threshold,slope,lapse,guess,eta,deviance,residuals,loglikelihood
HB365,0.100000,100.000000,4.312365,0.756973,0.000029,0.099998,0.000058,4.582206,0.083030,36.652912
