SubjectID,width,duration,threshold,slope,lapse,guess,eta,deviance,residuals,loglikelihood
GB327,0.100000,100.000000,4.124656,0.153210,0.095683,0.000000,0.000403,2.256735,0.054996,46.374125
