SubjectID,width,duration,threshold,slope,lapse,guess,eta,deviance,residuals,loglikelihood
IB642,0.100000,100.000000,5.020037,0.147222,0.016206,0.099999,0.000500,1.958982,0.048678,48.006399
