SubjectID,width,duration,threshold,slope,lapse,guess,eta,deviance,residuals,loglikelihood
JC888,0.100000,100.000000,1.712187,0.460719,0.099996,0.071248,0.000000,2.448474,0.049268,40.669401
