SubjectID,width,duration,threshold,slope,lapse,guess,eta,deviance,residuals,loglikelihood
GB618,0.100000,300.000000,6.496542,0.434565,0.000028,0.100000,0.000000,6.531590,0.127040,39.843158
