SubjectID,width,duration,threshold,slope,lapse,guess,eta,deviance,residuals,loglikelihood
HB631,0.100000,100.000000,4.399838,0.331659,0.000616,0.100000,0.000000,4.575176,0.103256,43.369738
