SubjectID,width,duration,threshold,slope,lapse,guess,eta,deviance,residuals,loglikelihood
IC961,0.100000,100.000000,5.133905,0.592052,0.100000,0.100000,0.000000,5.218727,0.111904,39.602599
