SubjectID,width,duration,threshold,slope,lapse,guess,eta,deviance,residuals,loglikelihood
IC969,0.100000,300.000000,3.320084,1.366309,0.085737,0.099982,0.000000,0.824730,0.009485,33.406096
