SubjectID,width,duration,threshold,slope,lapse,guess,eta,deviance,residuals,loglikelihood
IB754,0.100000,100.000000,4.344247,0.439652,0.000000,0.100000,0.000000,9.687063,0.216703,39.172446
