SubjectID,width,duration,threshold,slope,lapse,guess,eta,deviance,residuals,loglikelihood
HB631,0.100000,300.000000,5.282262,0.194629,0.000102,0.076948,0.000000,1.020665,0.024276,46.900745
