SubjectID,width,duration,threshold,slope,lapse,guess,eta,deviance,residuals,loglikelihood
IC988,0.100000,100.000000,4.819222,0.666132,0.000000,0.100000,0.000001,14.362642,0.190085,33.851938
