SubjectID,width,duration,threshold,slope,lapse,guess,eta,deviance,residuals,loglikelihood
JB758,0.100000,300.000000,4.559963,3.118778,0.019348,0.077417,0.000000,3.745699,0.024186,18.156279
