SubjectID,width,duration,threshold,slope,lapse,guess,eta,deviance,residuals,loglikelihood
IB640,0.100000,300.000000,4.569529,3.792395,0.026454,0.034488,0.000000,6.220425,0.036132,9.797201
