SubjectID,width,duration,threshold,slope,lapse,guess,eta,deviance,residuals,loglikelihood
LC1031,0.100000,100.000000,4.588011,1.388007,0.100000,0.081252,0.000000,4.034321,0.037765,31.185934
