SubjectID,width,duration,threshold,slope,lapse,guess,eta,deviance,residuals,loglikelihood
KC1086,0.100000,300.000000,4.871302,1.651523,0.100000,0.100000,0.000083,0.941666,0.013864,33.522423
