SubjectID,width,duration,threshold,slope,lapse,guess,eta,deviance,residuals,loglikelihood
KC979,0.100000,300.000000,3.491119,0.148141,0.100000,0.057646,0.000000,7.298449,0.176761,45.443500
