SubjectID,width,duration,threshold,slope,lapse,guess,eta,deviance,residuals,loglikelihood
KB509,0.100000,300.000000,4.804843,3.191811,0.000000,0.038306,0.000000,1.725523,0.004950,13.713042
