SubjectID,width,duration,threshold,slope,lapse,guess,eta,deviance,residuals,loglikelihood
KC1086,0.100000,100.000000,4.505027,0.906896,0.000032,0.100000,0.000000,5.912689,0.081442,33.292158
