SubjectID,width,duration,threshold,slope,lapse,guess,eta,deviance,residuals,loglikelihood
LC903,0.100000,300.000000,4.019670,2.129452,0.100000,0.059136,0.000063,2.184823,0.028611,29.387219
