SubjectID,width,duration,threshold,slope,lapse,guess,eta,deviance,residuals,loglikelihood
GC981,0.100000,100.000000,3.176169,0.315627,0.100000,0.000066,0.000000,6.608387,0.149021,42.823402
