SubjectID,width,duration,threshold,slope,lapse,guess,eta,deviance,residuals,loglikelihood
IC920,0.100000,100.000000,3.165392,0.373459,0.100000,0.010380,0.000000,2.289417,0.051403,44.132063
