SubjectID,width,duration,threshold,slope,lapse,guess,eta,deviance,residuals,loglikelihood
IC955,0.100000,100.000000,5.305030,0.147222,0.100000,0.094686,0.374676,36.490124,0.850203,35.112678
