SubjectID,width,duration,threshold,slope,lapse,guess,eta,deviance,residuals,loglikelihood
IC961,0.100000,300.000000,4.984337,1.561553,0.098818,0.099999,0.000032,4.733937,0.062388,33.698023
