SubjectID,width,duration,threshold,slope,lapse,guess,eta,deviance,residuals,loglikelihood
IB748,0.100000,100.000000,4.202367,3.361980,0.043898,0.087054,0.000000,7.689189,0.045192,17.745211
