SubjectID,width,duration,threshold,slope,lapse,guess,eta,deviance,residuals,loglikelihood
HC862,0.100000,300.000000,4.238993,3.048757,0.098926,0.100000,0.000000,5.425266,0.054954,25.827838
