SubjectID,width,duration,threshold,slope,lapse,guess,eta,deviance,residuals,loglikelihood
HC896,0.100000,100.000000,4.592694,0.147959,0.100000,0.099904,0.000374,2.361567,0.058398,47.077382
