SubjectID,width,duration,threshold,slope,lapse,guess,eta,deviance,residuals,loglikelihood
LC903,0.100000,100.000000,4.048246,0.274966,0.100000,0.089167,0.000000,2.595211,0.060307,45.530406
