SubjectID,width,duration,threshold,slope,lapse,guess,eta,deviance,residuals,loglikelihood
HC846,0.100000,300.000000,3.123360,2.976548,0.100000,0.071537,0.000000,4.623480,0.039100,29.774795
