SubjectID,width,duration,threshold,slope,lapse,guess,eta,deviance,residuals,loglikelihood
GB233,0.100000,300.000000,4.474251,3.211320,0.079162,0.020552,0.000000,5.207979,0.032457,15.306814
