SubjectID,width,duration,threshold,slope,lapse,guess,eta,deviance,residuals,loglikelihood
HB280,0.100000,100.000000,4.517847,2.568199,0.086906,0.085516,0.000000,0.589014,0.005151,26.799694
