SubjectID,width,duration,threshold,slope,lapse,guess,eta,deviance,residuals,loglikelihood
GB618,0.100000,100.000000,4.067098,0.708132,0.000000,0.100000,0.000005,4.985572,0.101369,35.927316
