SubjectID,width,duration,threshold,slope,lapse,guess,eta,deviance,residuals,loglikelihood
LC1019,0.100000,100.000000,2.249711,0.243981,0.100000,0.082597,0.000000,1.919369,0.044306,45.629018
