SubjectID,width,duration,threshold,slope,lapse,guess,eta,deviance,residuals,loglikelihood
HB205,0.100000,100.000000,3.182987,3.004132,0.084216,0.093578,0.000000,0.771474,0.006957,25.858251
