SubjectID,width,duration,threshold,slope,lapse,guess,eta,deviance,residuals,loglikelihood
GB208,0.100000,100.000000,3.672338,1.776947,0.014632,0.030290,0.000000,3.001533,0.017712,20.443159
