SubjectID,width,duration,threshold,slope,lapse,guess,eta,deviance,residuals,loglikelihood
IC1082,0.100000,100.000000,4.658299,0.613587,0.000284,0.100000,0.000000,3.744517,0.066423,39.274780
