SubjectID,width,duration,threshold,slope,lapse,guess,eta,deviance,residuals,loglikelihood
LC1031,0.100000,300.000000,5.089143,1.365295,0.000144,0.100000,0.000000,2.382020,0.029208,32.336906
