SubjectID,width,duration,threshold,slope,lapse,guess,eta,deviance,residuals,loglikelihood
IC880,0.100000,300.000000,1.916464,0.147222,0.031844,0.100000,0.002706,1.592225,0.038445,46.015892
