SubjectID,width,duration,threshold,slope,lapse,guess,eta,deviance,residuals,loglikelihood
LC1019,0.100000,300.000000,7.057218,0.147285,0.100000,0.070272,0.000000,8.943642,0.202583,42.438773
