SubjectID,width,duration,threshold,slope,lapse,guess,eta,deviance,residuals,loglikelihood
IC928,0.100000,300.000000,4.327941,0.425565,0.000182,0.100000,0.000000,2.251652,0.052671,42.993859
