SubjectID,width,duration,threshold,slope,lapse,guess,eta,deviance,residuals,loglikelihood
IC964,0.100000,300.000000,4.081942,0.423224,0.099999,0.100000,0.000000,6.651937,0.131195,41.837063
