SubjectID,width,duration,threshold,slope,lapse,guess,eta,deviance,residuals,loglikelihood
IC988,0.100000,300.000000,3.744515,0.823332,0.099514,0.000000,0.000000,8.454225,0.156046,32.570920
