SubjectID,width,duration,threshold,slope,lapse,guess,eta,deviance,residuals,loglikelihood
IC951,0.100000,100.000000,4.132122,3.032227,0.020324,0.065939,0.000000,5.486656,0.034449,16.267766
