SubjectID,width,duration,threshold,slope,lapse,guess,eta,deviance,residuals,loglikelihood
HC958,0.100000,100.000000,4.286694,0.577788,0.000040,0.100000,0.000000,1.327733,0.029753,40.784600
