SubjectID,width,duration,threshold,slope,lapse,guess,eta,deviance,residuals,loglikelihood
HC1079,0.100000,100.000000,3.929970,1.033625,0.099996,0.021146,0.000047,0.816030,0.015620,33.814350
