SubjectID,width,duration,threshold,slope,lapse,guess,eta,deviance,residuals,loglikelihood
GB208,0.100000,300.000000,3.828294,2.101013,0.000001,0.038361,0.000000,2.233281,0.016591,17.606985
