SubjectID,width,duration,threshold,slope,lapse,guess,eta,deviance,residuals,loglikelihood
JC897,0.100000,300.000000,4.838317,3.041382,0.099999,0.100000,0.000069,7.583368,0.094374,34.392229
