SubjectID,width,duration,threshold,slope,lapse,guess,eta,deviance,residuals,loglikelihood
HC1025,0.100000,300.000000,4.939443,2.980143,0.052767,0.068832,0.000000,2.118208,0.010288,22.110623
