SubjectID,width,duration,threshold,slope,lapse,guess,eta,deviance,residuals,loglikelihood
KC939,0.100000,100.000000,3.551031,0.450596,0.100000,0.000000,0.000000,3.305570,0.076039,42.176833
