SubjectID,width,duration,threshold,slope,lapse,guess,eta,deviance,residuals,loglikelihood
HC952,0.100000,300.000000,4.754450,2.253799,0.100000,0.042739,0.000007,6.681788,0.071594,23.944527
