SubjectID,width,duration,threshold,slope,lapse,guess,eta,deviance,residuals,loglikelihood
JC888,0.100000,300.000000,5.031426,0.328438,0.012839,0.100000,0.000000,0.507977,0.011978,45.629018
