SubjectID,width,duration,threshold,slope,lapse,guess,eta,deviance,residuals,loglikelihood
KC933,0.100000,100.000000,4.289823,0.394294,0.031033,0.099918,0.000000,3.083879,0.067549,43.537951
