SubjectID,width,duration,threshold,slope,lapse,guess,eta,deviance,residuals,loglikelihood
IC928,0.100000,100.000000,5.261768,0.213464,0.099999,0.093243,0.000157,3.785488,0.091072,45.213138
