SubjectID,width,duration,threshold,slope,lapse,guess,eta,deviance,residuals,loglikelihood
KC939,0.100000,300.000000,4.394357,0.877174,0.100000,0.100000,0.000003,5.682281,0.100168,36.899874
