SubjectID,width,duration,threshold,slope,lapse,guess,eta,deviance,residuals,loglikelihood
IC1045,0.100000,100.000000,5.312806,0.147222,0.033342,0.100000,0.000000,12.243161,0.293724,42.891809
