SubjectID,width,duration,threshold,slope,lapse,guess,eta,deviance,residuals,loglikelihood
HC841,0.100000,100.000000,5.634946,2.462368,0.000000,0.100000,0.265592,25.133881,0.365234,24.099449
