SubjectID,width,duration,threshold,slope,lapse,guess,eta,deviance,residuals,loglikelihood
JC1101,0.100000,300.000000,4.778456,3.099218,0.000000,0.016508,0.000078,1.923833,0.004122,11.263742
