SubjectID,width,duration,threshold,slope,lapse,guess,eta,deviance,residuals,loglikelihood
IC951,0.100000,300.000000,4.907108,3.392579,0.000000,0.000000,0.000001,1.453920,0.002995,6.730117
