SubjectID,width,duration,threshold,slope,lapse,guess,eta,deviance,residuals,loglikelihood
IC980,0.100000,300.000000,4.892081,2.672393,0.100000,0.100000,0.000000,2.544700,0.029376,30.567535
