SubjectID,width,duration,threshold,slope,lapse,guess,eta,deviance,residuals,loglikelihood
JC918,0.100000,100.000000,4.540035,0.534013,0.099997,0.099997,0.000073,2.991809,0.058382,42.095696
