SubjectID,width,duration,threshold,slope,lapse,guess,eta,deviance,residuals,loglikelihood
IC1088,0.100000,300.000000,4.489187,0.484489,0.100000,0.058701,0.000000,2.387396,0.051949,42.154935
