SubjectID,width,duration,threshold,slope,lapse,guess,eta,deviance,residuals,loglikelihood
KC979,0.100000,100.000000,4.222732,0.403734,0.000002,0.100000,0.000000,1.110523,0.021515,43.875600
