SubjectID,width,duration,threshold,slope,lapse,guess,eta,deviance,residuals,loglikelihood
IC969,0.100000,100.000000,2.623801,0.781543,0.100000,0.000176,0.000000,3.261812,0.063916,37.979542
