SubjectID,width,duration,threshold,slope,lapse,guess,eta,deviance,residuals,loglikelihood
HB366,0.100000,100.000000,4.940140,2.850155,0.000000,0.038645,0.000000,1.442276,0.006061,16.527318
