SubjectID,width,duration,threshold,slope,lapse,guess,eta,deviance,residuals,loglikelihood
JC918,0.100000,300.000000,4.938421,1.336009,0.099948,0.099999,0.000062,3.407381,0.061053,34.518566
