SubjectID,width,duration,threshold,slope,lapse,guess,eta,deviance,residuals,loglikelihood
IC1012,0.100000,100.000000,3.886494,1.210888,0.034777,0.014640,0.000000,3.637623,0.037436,26.786402
