SubjectID,width,duration,threshold,slope,lapse,guess,eta,deviance,residuals,loglikelihood
KB375,0.100000,100.000000,4.507162,1.340209,0.000000,0.032765,0.000002,2.694899,0.015954,24.840303
