SubjectID,width,duration,threshold,slope,lapse,guess,eta,deviance,residuals,loglikelihood
KB578,0.100000,300.000000,5.023056,0.596998,0.100000,0.099737,0.000000,0.474336,0.010110,41.811858
