SubjectID,width,duration,threshold,slope,lapse,guess,eta,deviance,residuals,loglikelihood
KC911,0.100000,100.000000,3.881748,2.939709,0.100000,0.100000,0.000539,4.652297,0.038494,26.819906
