SubjectID,width,duration,threshold,slope,lapse,guess,eta,deviance,residuals,loglikelihood
KB749,0.100000,300.000000,4.694905,3.142670,0.032250,0.034480,0.000000,4.583554,0.019145,14.624497
