SubjectID,width,duration,threshold,slope,lapse,guess,eta,deviance,residuals,loglikelihood
JC876,0.100000,100.000000,4.783715,2.039257,0.100000,0.100000,0.000008,3.726684,0.048140,32.074967
