SubjectID,width,duration,threshold,slope,lapse,guess,eta,deviance,residuals,loglikelihood
KC941,0.100000,300.000000,1.024536,0.147222,0.042199,0.100000,0.000000,8.129389,0.187835,43.516052
