SubjectID,width,duration,threshold,slope,lapse,guess,eta,deviance,residuals,loglikelihood
IC1077,0.100000,100.000000,6.142083,0.172708,0.077921,0.100000,0.000001,5.772605,0.135623,44.453759
