SubjectID,width,duration,threshold,slope,lapse,guess,eta,deviance,residuals,loglikelihood
IC964,0.100000,100.000000,4.143606,0.515690,0.099561,0.100000,0.000000,7.602322,0.164649,40.069977
