SubjectID,width,duration,threshold,slope,lapse,guess,eta,deviance,residuals,loglikelihood
IB640,0.100000,100.000000,3.526394,3.088671,0.043499,0.022073,0.000000,4.215102,0.016819,15.306814
