SubjectID,width,duration,threshold,slope,lapse,guess,eta,deviance,residuals,loglikelihood
JC930,0.100000,300.000000,3.874252,2.926809,0.020928,0.033685,0.000000,3.248938,0.011851,15.734578
