SubjectID,width,duration,threshold,slope,lapse,guess,eta,deviance,residuals,loglikelihood
GC830,0.100000,300.000000,4.950408,0.452144,0.100000,0.100000,0.000000,6.444690,0.122405,41.097166
