SubjectID,width,duration,threshold,slope,lapse,guess,eta,deviance,residuals,loglikelihood
IC920,0.100000,300.000000,6.418678,0.370791,0.000000,0.100000,0.000000,1.565550,0.035185,43.151077
