SubjectID,width,duration,threshold,slope,lapse,guess,eta,deviance,residuals,loglikelihood
HC1065,0.200000,300.000000,4.308024,3.217420,0.052680,0.083114,0.000000,3.860593,0.029262,20.600377
