SubjectID,width,duration,threshold,slope,lapse,guess,eta,deviance,residuals,loglikelihood
HB366,0.200000,300.000000,4.979983,3.079662,0.074662,0.014832,0.000000,2.794025,0.009160,15.734578
