SubjectID,width,duration,threshold,slope,lapse,guess,eta,deviance,residuals,loglikelihood
LC903,0.200000,300.000000,3.923255,2.959696,0.172559,0.069675,0.000000,1.032384,0.015854,29.387219
