SubjectID,width,duration,threshold,slope,lapse,guess,eta,deviance,residuals,loglikelihood
GC1098,0.200000,300.000000,7.036407,0.147222,0.200000,0.187343,0.000016,8.344591,0.199133,45.111972
