SubjectID,width,duration,threshold,slope,lapse,guess,eta,deviance,residuals,loglikelihood
KC911,0.200000,300.000000,4.234182,1.505277,0.042122,0.000455,0.000000,1.443430,0.015569,23.071576
