SubjectID,width,duration,threshold,slope,lapse,guess,eta,deviance,residuals,loglikelihood
IC1088,0.200000,300.000000,4.431064,0.738825,0.200000,0.151362,0.000000,2.223647,0.048139,42.154935
