SubjectID,width,duration,threshold,slope,lapse,guess,eta,deviance,residuals,loglikelihood
HC1052,0.200000,100.000000,6.196341,0.594077,0.000410,0.200000,0.000000,2.948705,0.069779,42.635108
