SubjectID,width,duration,threshold,slope,lapse,guess,eta,deviance,residuals,loglikelihood
HC1001,0.200000,300.000000,4.083471,3.172591,0.022982,0.074135,0.000000,2.809644,0.012863,18.004762
