SubjectID,width,duration,threshold,slope,lapse,guess,eta,deviance,residuals,loglikelihood
IB640,0.200000,300.000000,4.569472,3.794132,0.026534,0.034414,0.000000,6.216630,0.036086,9.797201
