SubjectID,width,duration,threshold,slope,lapse,guess,eta,deviance,residuals,loglikelihood
GB327,0.200000,100.000000,5.231293,0.228993,0.199987,0.178237,0.000000,2.244390,0.054728,46.374125
