SubjectID,width,duration,threshold,slope,lapse,guess,eta,deviance,residuals,loglikelihood
GC981,0.200000,100.000000,2.489782,0.433116,0.200000,0.000235,0.000000,6.191050,0.138374,42.823402
