SubjectID,width,duration,threshold,slope,lapse,guess,eta,deviance,residuals,loglikelihood
JB578,0.200000,100.000000,2.899703,0.463589,0.171753,0.200000,0.000000,3.051030,0.072041,43.946205
