SubjectID,width,duration,threshold,slope,lapse,guess,eta,deviance,residuals,loglikelihood
IC1077,0.200000,300.000000,1.941056,0.284396,0.198396,0.000006,0.000086,2.367739,0.056416,45.987251
