SubjectID,width,duration,threshold,slope,lapse,guess,eta,deviance,residuals,loglikelihood
GB618,0.200000,300.000000,5.769806,1.468724,0.200000,0.200000,0.000024,4.495624,0.086490,39.843158
