SubjectID,width,duration,threshold,slope,lapse,guess,eta,deviance,residuals,loglikelihood
IC928,0.200000,100.000000,2.969158,0.228323,0.200000,0.000003,0.000842,3.733987,0.089682,45.213138
