SubjectID,width,duration,threshold,slope,lapse,guess,eta,deviance,residuals,loglikelihood
IB217,0.200000,300.000000,4.358852,3.313684,0.000001,0.000000,0.000000,0.574848,0.002861,7.453325
