SubjectID,width,duration,threshold,slope,lapse,guess,eta,deviance,residuals,loglikelihood
HC952,0.200000,300.000000,4.523477,3.119756,0.200000,0.042287,0.000000,4.694122,0.039217,23.944527
