SubjectID,width,duration,threshold,slope,lapse,guess,eta,deviance,residuals,loglikelihood
JB578,0.200000,300.000000,4.877341,0.909479,0.200000,0.168604,0.000000,0.288494,0.006275,41.811858
