SubjectID,width,duration,threshold,slope,lapse,guess,eta,deviance,residuals,loglikelihood
IC920,0.200000,100.000000,2.815276,0.514077,0.200000,0.056936,0.000000,2.062159,0.046432,44.132063
