SubjectID,width,duration,threshold,slope,lapse,guess,eta,deviance,residuals,loglikelihood
KC979,0.200000,100.000000,4.882681,0.499156,0.000000,0.200000,0.000020,0.891429,0.017323,43.875600
