SubjectID,width,duration,threshold,slope,lapse,guess,eta,deviance,residuals,loglikelihood
LC903,0.200000,100.000000,2.331986,0.311770,0.200000,0.000000,0.000000,2.470072,0.057708,45.530406
