SubjectID,width,duration,threshold,slope,lapse,guess,eta,deviance,residuals,loglikelihood
IC928,0.200000,300.000000,4.382753,0.595320,0.094568,0.199999,0.000000,2.169940,0.050818,42.993859
