SubjectID,width,duration,threshold,slope,lapse,guess,eta,deviance,residuals,loglikelihood
GC1042,0.200000,100.000000,2.611912,2.218242,0.200000,0.171212,0.000000,1.356466,0.024585,38.263380
