SubjectID,width,duration,threshold,slope,lapse,guess,eta,deviance,residuals,loglikelihood
IC1012,0.200000,100.000000,3.887952,1.211039,0.034802,0.014643,0.000000,3.637605,0.037446,26.786402
