SubjectID,width,duration,threshold,slope,lapse,guess,eta,deviance,residuals,loglikelihood
JB340,0.200000,300.000000,4.351388,2.000163,0.047352,0.000000,0.000000,1.812734,0.021930,18.833394
