SubjectID,width,duration,threshold,slope,lapse,guess,eta,deviance,residuals,loglikelihood
IC1099,0.200000,300.000000,3.622228,1.216013,0.066880,0.103589,0.000000,2.992633,0.020945,32.116899
