SubjectID,width,duration,threshold,slope,lapse,guess,eta,deviance,residuals,loglikelihood
GC981,0.200000,300.000000,3.334152,0.914072,0.200000,0.090976,0.000000,3.669940,0.077544,40.066400
