SubjectID,width,duration,threshold,slope,lapse,guess,eta,deviance,residuals,loglikelihood
JC1050,0.200000,300.000000,5.004444,1.848772,0.112425,0.188362,0.000000,0.479742,0.007596,36.369074
