SubjectID,width,duration,threshold,slope,lapse,guess,eta,deviance,residuals,loglikelihood
GB233,0.200000,100.000000,3.444797,3.038384,0.064371,0.000000,0.000000,2.194243,0.009182,16.384093
