SubjectID,width,duration,threshold,slope,lapse,guess,eta,deviance,residuals,loglikelihood
GB797,0.200000,300.000000,5.541177,0.657118,0.000248,0.200000,0.000000,3.570816,0.072687,42.574610
