SubjectID,width,duration,threshold,slope,lapse,guess,eta,deviance,residuals,loglikelihood
GC860,0.200000,100.000000,0.893298,0.147222,0.177880,0.200000,0.000253,4.093139,0.096334,45.491293
