SubjectID,width,duration,threshold,slope,lapse,guess,eta,deviance,residuals,loglikelihood
HC1065,0.200000,100.000000,4.153477,2.143341,0.200000,0.144725,0.000000,0.638690,0.010580,36.139937
