SubjectID,width,duration,threshold,slope,lapse,guess,eta,deviance,residuals,loglikelihood
HB205,0.200000,100.000000,3.183379,3.007827,0.084188,0.093740,0.000000,0.770483,0.006949,25.858251
