SubjectID,width,duration,threshold,slope,lapse,guess,eta,deviance,residuals,loglikelihood
HC1025,0.200000,300.000000,4.939655,2.978558,0.052735,0.068939,0.000000,2.118437,0.010287,22.110623
