SubjectID,width,duration,threshold,slope,lapse,guess,eta,deviance,residuals,loglikelihood
GB233,0.200000,300.000000,4.474302,3.211027,0.079160,0.020555,0.000000,5.208260,0.032463,15.306814
