SubjectID,width,duration,threshold,slope,lapse,guess,eta,deviance,residuals,loglikelihood
HC862,0.200000,300.000000,4.258327,3.086209,0.103622,0.115440,0.000000,5.336069,0.053727,25.827838
