SubjectID,width,duration,threshold,slope,lapse,guess,eta,deviance,residuals,loglikelihood
KC979,0.200000,300.000000,3.109869,0.147222,0.199999,0.147595,0.000000,6.835021,0.165616,45.443500
