SubjectID,width,duration,threshold,slope,lapse,guess,eta,deviance,residuals,loglikelihood
LC1031,0.200000,300.000000,5.107318,1.749804,0.043079,0.152912,0.000000,1.747440,0.023136,32.336906
