SubjectID,width,duration,threshold,slope,lapse,guess,eta,deviance,residuals,loglikelihood
IB754,0.200000,300.000000,4.545834,3.034432,0.200000,0.164492,0.000276,1.601811,0.027289,36.054120
