SubjectID,width,duration,threshold,slope,lapse,guess,eta,deviance,residuals,loglikelihood
KC1086,0.200000,100.000000,4.798899,1.109846,0.000000,0.171918,0.000000,5.599708,0.080611,33.292158
