SubjectID,width,duration,threshold,slope,lapse,guess,eta,deviance,residuals,loglikelihood
KC939,0.200000,300.000000,4.287632,1.706961,0.199982,0.185549,0.000000,4.694197,0.088492,36.899874
