SubjectID,width,duration,threshold,slope,lapse,guess,eta,deviance,residuals,loglikelihood
IB217,0.200000,100.000000,4.348758,3.015433,0.024267,0.000000,0.000111,1.189427,0.002471,12.175197
