SubjectID,width,duration,threshold,slope,lapse,guess,eta,deviance,residuals,loglikelihood
JC930,0.200000,100.000000,3.392143,1.750641,0.000000,0.147612,0.000000,0.539582,0.005142,23.909338
