SubjectID,width,duration,threshold,slope,lapse,guess,eta,deviance,residuals,loglikelihood
HB280,0.200000,300.000000,4.712575,3.167895,0.032490,0.102012,0.000000,1.809814,0.009575,22.477986
