SubjectID,width,duration,threshold,slope,lapse,guess,eta,deviance,residuals,loglikelihood
KC1086,0.200000,300.000000,4.725957,2.949187,0.192899,0.131834,0.000000,0.008207,0.000128,33.522423
