SubjectID,width,duration,threshold,slope,lapse,guess,eta,deviance,residuals,loglikelihood
IC1099,0.200000,100.000000,0.922173,0.432351,0.200000,0.000074,0.000000,2.631522,0.059302,44.333078
