SubjectID,width,duration,threshold,slope,lapse,guess,eta,deviance,residuals,loglikelihood
GC1015,0.200000,300.000000,4.737456,3.038578,0.000000,0.023312,0.000000,2.106252,0.004822,12.741187
