SubjectID,width,duration,threshold,slope,lapse,guess,eta,deviance,residuals,loglikelihood
IC1089,0.200000,300.000000,4.597088,3.182434,0.144835,0.174398,0.000000,3.623167,0.055625,31.909142
