SubjectID,width,duration,threshold,slope,lapse,guess,eta,deviance,residuals,loglikelihood
IC961,0.200000,100.000000,4.627667,2.794410,0.200000,0.195397,0.000248,4.333055,0.083491,39.602599
