SubjectID,width,duration,threshold,slope,lapse,guess,eta,deviance,residuals,loglikelihood
GC1042,0.200000,300.000000,4.492836,0.821939,0.141410,0.139400,0.000000,1.333450,0.026073,40.504557
