SubjectID,width,duration,threshold,slope,lapse,guess,eta,deviance,residuals,loglikelihood
HB631,0.200000,300.000000,6.519609,0.257046,0.000000,0.200000,0.001079,0.947411,0.022546,46.900745
