SubjectID,width,duration,threshold,slope,lapse,guess,eta,deviance,residuals,loglikelihood
HC1041,0.200000,100.000000,6.204152,0.582832,0.012224,0.200000,0.000000,3.798991,0.083998,42.541808
