SubjectID,width,duration,threshold,slope,lapse,guess,eta,deviance,residuals,loglikelihood
GB797,0.200000,100.000000,3.319817,0.557504,0.079470,0.000000,0.000000,4.574476,0.109267,39.263946
