SubjectID,width,duration,threshold,slope,lapse,guess,eta,deviance,residuals,loglikelihood
IC951,0.200000,300.000000,4.905276,3.403174,0.000000,0.000002,0.000000,1.438702,0.002889,6.730117
