SubjectID,width,duration,threshold,slope,lapse,guess,eta,deviance,residuals,loglikelihood
IC951,0.200000,100.000000,4.133453,3.044333,0.020043,0.065867,0.000000,5.481841,0.034235,16.267766
