SubjectID,width,duration,threshold,slope,lapse,guess,eta,deviance,residuals,loglikelihood
GC1015,0.200000,100.000000,4.299759,3.192295,0.023910,0.022007,0.000000,2.992572,0.008775,13.147053
