SubjectID,width,duration,threshold,slope,lapse,guess,eta,deviance,residuals,loglikelihood
KB247,0.200000,100.000000,3.436514,0.429744,0.078223,0.200000,0.000000,2.369578,0.052165,43.207103
