SubjectID,width,duration,threshold,slope,lapse,guess,eta,deviance,residuals,loglikelihood
KB375,0.200000,100.000000,4.509533,1.343104,0.000000,0.033245,0.000023,2.694927,0.016014,24.840303
