SubjectID,width,duration,threshold,slope,lapse,guess,eta,deviance,residuals,loglikelihood
KC941,0.200000,100.000000,1.788514,0.171358,0.154920,0.199237,0.000000,2.371863,0.058172,46.015892
