SubjectID,width,duration,threshold,slope,lapse,guess,eta,deviance,residuals,loglikelihood
IC969,0.200000,300.000000,3.543403,1.869398,0.096451,0.183944,0.000000,0.386081,0.004380,33.406096
