SubjectID,width,duration,threshold,slope,lapse,guess,eta,deviance,residuals,loglikelihood
KC933,0.200000,100.000000,4.008241,0.696817,0.184637,0.200000,0.000000,2.771265,0.059438,43.537951
