SubjectID,width,duration,threshold,slope,lapse,guess,eta,deviance,residuals,loglikelihood
HC1052,0.200000,300.000000,5.186725,0.147222,0.187253,0.000000,0.000000,1.596545,0.038293,44.877170
