SubjectID,width,duration,threshold,slope,lapse,guess,eta,deviance,residuals,loglikelihood
KC911,0.200000,100.000000,3.889448,2.970569,0.107640,0.110739,0.000000,4.604183,0.037925,26.819906
