SubjectID,width,duration,threshold,slope,lapse,guess,eta,deviance,residuals,loglikelihood
JC1050,0.200000,100.000000,4.078271,0.693135,0.200000,0.199912,0.000000,7.468713,0.164510,41.099554
