SubjectID,width,duration,threshold,slope,lapse,guess,eta,deviance,residuals,loglikelihood
GB240,0.200000,100.000000,4.623201,2.794644,0.096704,0.064511,0.000000,2.353453,0.012893,24.121256
