SubjectID,width,duration,threshold,slope,lapse,guess,eta,deviance,residuals,loglikelihood
HB366,0.200000,100.000000,4.939963,2.851250,0.000000,0.038616,0.000000,1.442276,0.006051,16.527318
