SubjectID,width,duration,threshold,slope,lapse,guess,eta,deviance,residuals,loglikelihood
IC969,0.200000,100.000000,2.661904,2.986537,0.200000,0.170760,0.000077,0.651053,0.011561,37.979542
