SubjectID,width,duration,threshold,slope,lapse,guess,eta,deviance,residuals,loglikelihood
IC955,0.200000,100.000000,3.865387,0.147222,0.199999,0.151392,0.355370,34.392485,0.800265,35.112678
