SubjectID,width,duration,threshold,slope,lapse,guess,eta,deviance,residuals,loglikelihood
HC1041,0.200000,300.000000,3.623405,0.305013,0.200000,0.197315,0.000000,2.897162,0.069674,45.993993
