SubjectID,width,duration,threshold,slope,lapse,guess,eta,deviance,residuals,loglikelihood
HC862,0.200000,100.000000,3.376637,2.822714,0.064451,0.097473,0.000000,0.420826,0.004118,25.093112
