SubjectID,width,duration,threshold,slope,lapse,guess,eta,deviance,residuals,loglikelihood
LC1019,0.200000,300.000000,7.072857,0.147222,0.199950,0.135874,0.001177,8.750510,0.198289,42.438773
