SubjectID,width,duration,threshold,slope,lapse,guess,eta,deviance,residuals,loglikelihood
JB340,0.200000,100.000000,4.431568,3.051668,0.021473,0.000000,0.000000,1.152327,0.003269,11.380069
