SubjectID,width,duration,threshold,slope,lapse,guess,eta,deviance,residuals,loglikelihood
HB280,0.200000,100.000000,4.518246,2.565640,0.086870,0.085521,0.000000,0.589010,0.005153,26.799694
