SubjectID,width,duration,threshold,slope,lapse,guess,eta,deviance,residuals,loglikelihood
HB631,0.200000,100.000000,5.140547,0.405838,0.000000,0.200000,0.000025,4.419839,0.100062,43.369738
