SubjectID,width,duration,threshold,slope,lapse,guess,eta,deviance,residuals,loglikelihood
IC1045,0.200000,300.000000,2.186711,0.150616,0.200000,0.155639,0.000000,5.549307,0.135688,46.352226
