SubjectID,width,duration,threshold,slope,lapse,guess,eta,deviance,residuals,loglikelihood
GB208,0.200000,100.000000,3.672209,1.778311,0.014726,0.030292,0.000000,3.001534,0.017725,20.443159
