SubjectID,width,duration,threshold,slope,lapse,guess,eta,deviance,residuals,loglikelihood
IB640,0.200000,100.000000,3.527078,3.087966,0.043625,0.021896,0.000000,4.215441,0.016815,15.306814
