SubjectID,width,duration,threshold,slope,lapse,guess,eta,deviance,residuals,loglikelihood
IB748,0.200000,100.000000,4.203503,3.356876,0.043581,0.087215,0.000000,7.695967,0.045217,17.745211
