SubjectID,width,duration,threshold,slope,lapse,guess,eta,deviance,residuals,loglikelihood
JC1101,0.200000,300.000000,4.776296,3.110307,0.000000,0.016404,0.000201,1.916595,0.004116,11.263742
