SubjectID,width,duration,threshold,slope,lapse,guess,eta,deviance,residuals,loglikelihood
HB365,0.200000,100.000000,4.288799,2.391222,0.133541,0.199994,0.000000,1.932410,0.033977,36.652912
