SubjectID,width,duration,threshold,slope,lapse,guess,eta,deviance,residuals,loglikelihood
GB702,0.200000,100.000000,3.655948,0.524237,0.000380,0.200000,0.000000,2.304155,0.039162,39.840770
