SubjectID,width,duration,threshold,slope,lapse,guess,eta,deviance,residuals,loglikelihood
JC897,0.200000,300.000000,4.810479,3.170399,0.188748,0.185694,0.000000,3.643434,0.054984,34.392229
