SubjectID,width,duration,threshold,slope,lapse,guess,eta,deviance,residuals,loglikelihood
KC941,0.200000,300.000000,0.054190,0.147222,0.171249,0.199974,0.000920,7.142358,0.166296,43.516052
