SubjectID,width,duration,threshold,slope,lapse,guess,eta,deviance,residuals,loglikelihood
GB208,0.200000,300.000000,3.832553,2.088866,0.000000,0.039148,0.000000,2.234438,0.016256,17.606985
