SubjectID,width,duration,threshold,slope,lapse,guess,eta,deviance,residuals,loglikelihood
IB642,0.200000,100.000000,3.362414,0.147222,0.199998,0.199420,0.000010,1.395268,0.034738,48.006399
