SubjectID,width,duration,threshold,slope,lapse,guess,eta,deviance,residuals,loglikelihood
GB327,0.200000,300.000000,3.788494,0.148278,0.200000,0.200000,0.520255,61.662064,1.315852,22.359974
