SubjectID,width,duration,threshold,slope,lapse,guess,eta,deviance,residuals,loglikelihood
HC1079,0.200000,100.000000,3.792895,1.568956,0.177388,0.066288,0.000000,0.606406,0.009595,33.814350
