SubjectID,width,duration,threshold,slope,lapse,guess,eta,deviance,residuals,loglikelihood
IC980,0.200000,300.000000,4.926809,2.964778,0.107610,0.143486,0.000000,1.879871,0.023162,30.567535
