SubjectID,width,duration,threshold,slope,lapse,guess,eta,deviance,residuals,loglikelihood
GC830,0.200000,300.000000,4.829056,0.707709,0.200000,0.187064,0.000000,6.202575,0.117427,41.097166
