SubjectID,width,duration,threshold,slope,lapse,guess,eta,deviance,residuals,loglikelihood
JC876,0.200000,100.000000,4.575230,3.002044,0.200000,0.108113,0.000000,1.467534,0.017385,32.074967
