SubjectID,width,duration,threshold,slope,lapse,guess,eta,deviance,residuals,loglikelihood
IC964,0.200000,300.000000,4.101304,0.660956,0.200000,0.199994,0.000000,6.471329,0.127346,41.837063
