SubjectID,width,duration,threshold,slope,lapse,guess,eta,deviance,residuals,loglikelihood
IB748,0.200000,300.000000,3.989266,3.036448,0.000000,0.044304,0.000000,4.301420,0.023004,13.106162
