SubjectID,width,duration,threshold,slope,lapse,guess,eta,deviance,residuals,loglikelihood
KB509,0.200000,300.000000,4.805479,3.192135,0.000000,0.038416,0.000000,1.725228,0.004947,13.713042
