SubjectID,width,duration,threshold,slope,lapse,guess,eta,deviance,residuals,loglikelihood
IB642,0.200000,300.000000,4.407021,0.147222,0.200000,0.184451,0.001335,6.200051,0.151373,45.808135
