SubjectID,width,duration,threshold,slope,lapse,guess,eta,deviance,residuals,loglikelihood
IC1077,0.200000,100.000000,5.861299,0.250282,0.194265,0.200000,0.000003,5.742086,0.134859,44.453759
