SubjectID,width,duration,threshold,slope,lapse,guess,eta,deviance,residuals,loglikelihood
GB618,0.200000,100.000000,4.177601,0.739339,0.000000,0.124083,0.000000,4.980866,0.100767,35.927316
