SubjectID,width,duration,threshold,slope,lapse,guess,eta,deviance,residuals,loglikelihood
LC1031,0.200000,100.000000,4.500470,1.608975,0.143314,0.090219,0.000000,3.889382,0.036489,31.185934
