SubjectID,width,duration,threshold,slope,lapse,guess,eta,deviance,residuals,loglikelihood
GB241,0.200000,300.000000,4.374981,3.307079,0.000000,0.021009,0.000000,2.099976,0.007025,9.902625
