SubjectID,width,duration,threshold,slope,lapse,guess,eta,deviance,residuals,loglikelihood
GC865,0.200000,300.000000,4.573401,0.743991,0.090695,0.000000,0.000000,2.190268,0.022407,34.935427
