SubjectID,width,duration,threshold,slope,lapse,guess,eta,deviance,residuals,loglikelihood
IC1018,0.200000,100.000000,4.348103,3.645853,0.022771,0.000000,0.000069,3.899992,0.020371,6.376045
