SubjectID,width,duration,threshold,slope,lapse,guess,eta,deviance,residuals,loglikelihood
KC939,0.200000,100.000000,2.947606,0.601082,0.199949,0.000000,0.000000,2.855367,0.065286,42.176833
