SubjectID,width,duration,threshold,slope,lapse,guess,eta,deviance,residuals,loglikelihood
GC830,0.200000,100.000000,6.560905,0.259334,0.000288,0.200000,0.000000,8.760616,0.206673,43.124385
