SubjectID,width,duration,threshold,slope,lapse,guess,eta,deviance,residuals,loglikelihood
IC1045,0.200000,100.000000,3.223940,0.147223,0.199993,0.165475,0.000059,11.835391,0.283948,42.891809
