SubjectID,width,duration,threshold,slope,lapse,guess,eta,deviance,residuals,loglikelihood
IC964,0.200000,100.000000,4.137065,0.876973,0.200000,0.200000,0.000000,7.357989,0.157420,40.069977
