SubjectID,width,duration,threshold,slope,lapse,guess,eta,deviance,residuals,loglikelihood
IC961,0.200000,300.000000,5.001913,1.967757,0.140064,0.159117,0.000000,3.791758,0.053477,33.698023
