SubjectID,width,duration,threshold,slope,lapse,guess,eta,deviance,residuals,loglikelihood
IC1133,0.200000,300.000000,2.543115,0.254977,0.199999,0.000000,0.000004,4.386811,0.104792,45.013007
