SubjectID,width,duration,threshold,slope,lapse,guess,eta,deviance,residuals,loglikelihood
IC920,0.200000,300.000000,6.785167,0.561805,0.000337,0.200000,0.000000,1.381762,0.031347,43.151077
