SubjectID,width,duration,threshold,slope,lapse,guess,eta,deviance,residuals,loglikelihood
IB754,0.200000,100.000000,4.957128,0.578143,0.000002,0.199998,0.000058,9.219857,0.205325,39.172446
