SubjectID,width,duration,threshold,slope,lapse,guess,eta,deviance,residuals,loglikelihood
IC1018,0.200000,300.000000,4.380614,3.166088,0.058290,0.000000,0.000001,0.403101,0.002197,13.829369
