SubjectID,width,duration,threshold,slope,lapse,guess,eta,deviance,residuals,loglikelihood
IC1012,0.200000,300.000000,3.519283,2.236857,0.188373,0.033988,0.000000,1.948808,0.012915,29.708489
