SubjectID,width,duration,threshold,slope,lapse,guess,eta,deviance,residuals,loglikelihood
JB758,0.200000,300.000000,4.559916,3.119475,0.019359,0.077431,0.000000,3.745227,0.024176,18.156279
