SubjectID,width,duration,threshold,slope,lapse,guess,eta,deviance,residuals,loglikelihood
LC1019,0.200000,100.000000,0.974794,0.341559,0.200000,0.000247,0.000000,1.676836,0.038233,45.629018
