SubjectID,width,duration,threshold,slope,lapse,guess,eta,deviance,residuals,loglikelihood
JC888,0.200000,300.000000,5.426911,0.424867,0.060118,0.200000,0.000000,0.497184,0.011562,45.629018
