SubjectID,width,duration,threshold,slope,lapse,guess,eta,deviance,residuals,loglikelihood
GB241,0.200000,100.000000,3.220302,2.110458,0.065200,0.000075,0.000000,3.514921,0.025475,21.105966
