SubjectID,width,duration,threshold,slope,lapse,guess,eta,deviance,residuals,loglikelihood
KB375,0.200000,300.000000,4.609686,3.029687,0.016951,0.021620,0.000000,2.461131,0.007106,13.829369
