SubjectID,width,duration,threshold,slope,lapse,guess,eta,deviance,residuals,loglikelihood
IC946,0.200000,100.000000,2.917473,2.148961,0.039593,0.000003,0.000000,1.348661,0.003182,19.661323
