SubjectID,width,duration,threshold,slope,lapse,guess,eta,deviance,residuals,loglikelihood
HC958,0.200000,100.000000,4.806556,0.737055,0.000051,0.200000,0.000000,1.001501,0.022648,40.784600
