SubjectID,width,duration,threshold,slope,lapse,guess,eta,deviance,residuals,loglikelihood
KB749,0.200000,300.000000,4.694059,3.151500,0.032087,0.034375,0.000000,4.576543,0.019039,14.624497
