SubjectID,width,duration,threshold,slope,lapse,guess,eta,deviance,residuals,loglikelihood
JC918,0.200000,300.000000,4.736969,3.025571,0.199999,0.159744,0.000106,2.032376,0.034702,34.518566
