SubjectID,width,duration,threshold,slope,lapse,guess,eta,deviance,residuals,loglikelihood
JC1101,0.200000,100.000000,4.322819,2.585738,0.136461,0.049972,0.000000,5.898033,0.045606,23.773500
