SubjectID,width,duration,threshold,slope,lapse,guess,eta,deviance,residuals,loglikelihood
LC1078,0.200000,300.000000,4.163581,2.863176,0.000000,0.000000,0.000001,0.553394,0.004021,11.263742
