SubjectID,width,duration,threshold,slope,lapse,guess,eta,deviance,residuals,loglikelihood
HB365,0.200000,300.000000,5.071250,1.975882,0.127293,0.060749,0.000000,0.118728,0.002026,27.909775
