SubjectID,width,duration,threshold,slope,lapse,guess,eta,deviance,residuals,loglikelihood
IC988,0.200000,100.000000,5.320372,0.980341,0.000025,0.200000,0.000000,13.075483,0.177657,33.851938
