SubjectID,width,duration,threshold,slope,lapse,guess,eta,deviance,residuals,loglikelihood
HC952,0.200000,100.000000,3.767908,1.841510,0.106729,0.000000,0.000000,1.454493,0.014195,24.665347
