SubjectID,width,duration,threshold,slope,lapse,guess,eta,deviance,residuals,loglikelihood
GB240,0.200000,300.000000,4.574398,3.186755,0.200000,0.176300,0.000014,4.433437,0.081354,35.394830
