SubjectID,width,duration,threshold,slope,lapse,guess,eta,deviance,residuals,loglikelihood
JB758,0.200000,100.000000,4.004707,1.541164,0.104646,0.000000,0.000000,9.386152,0.149175,22.066918
