SubjectID,width,duration,threshold,slope,lapse,guess,eta,deviance,residuals,loglikelihood
IC1088,0.200000,100.000000,3.183038,0.468458,0.200000,0.192079,0.000000,4.009676,0.087890,44.163360
