SubjectID,width,duration,threshold,slope,lapse,guess,eta,deviance,residuals,loglikelihood
JC930,0.200000,300.000000,3.875720,2.944938,0.021285,0.034420,0.000000,3.248618,0.011828,15.734578
