SubjectID,width,duration,threshold,slope,lapse,guess,eta,deviance,residuals,loglikelihood
IC946,0.200000,300.000000,3.885496,2.841547,0.116417,0.124971,0.000000,0.686002,0.008484,30.239257
