SubjectID,width,duration,threshold,slope,lapse,guess,eta,deviance,residuals,loglikelihood
JC897,0.200000,100.000000,3.530637,1.924512,0.134412,0.199939,0.000000,1.613540,0.022380,35.643478
