SubjectID,width,duration,threshold,slope,lapse,guess,eta,deviance,residuals,loglikelihood
HB205,0.200000,300.000000,4.226980,3.177582,0.000044,0.000000,0.000000,0.518743,0.000600,8.814442
