SubjectID,width,duration,threshold,slope,lapse,guess,eta,deviance,residuals,loglikelihood
IC1082,0.200000,100.000000,5.152775,0.805328,0.000086,0.200000,0.000000,3.447470,0.063811,39.274780
