SubjectID,width,duration,threshold,slope,lapse,guess,eta,deviance,residuals,loglikelihood
IC955,0.200000,300.000000,6.308134,0.147222,0.122834,0.200000,0.324328,32.679906,0.751988,35.890587
