SubjectID,width,duration,threshold,slope,lapse,guess,eta,deviance,residuals,loglikelihood
IC980,0.200000,100.000000,0.986800,0.164907,0.194335,0.054266,0.000000,7.066916,0.167151,44.538605
