SubjectID,width,duration,threshold,slope,lapse,guess,eta,deviance,residuals,loglikelihood
HC1025,0.200000,100.000000,5.093149,2.965256,0.166752,0.115411,0.000000,1.806620,0.021695,30.464499
