SubjectID,width,duration,threshold,slope,lapse,guess,eta,deviance,residuals,loglikelihood
GC1098,0.200000,100.000000,6.248220,0.147222,0.171486,0.059164,0.000000,1.374780,0.032134,45.421261
