SubjectID,width,duration,threshold,slope,lapse,guess,eta,deviance,residuals,loglikelihood
KC933,0.200000,300.000000,4.600850,3.320167,0.174128,0.146833,0.000000,4.210290,0.064386,30.831862
