SubjectID,width,duration,threshold,slope,lapse,guess,eta,deviance,residuals,loglikelihood
IC988,0.200000,300.000000,3.600979,0.885970,0.133314,0.000000,0.000000,8.408687,0.158211,32.570920
