SubjectID,width,duration,threshold,slope,lapse,guess,eta,deviance,residuals,loglikelihood
HC1079,0.200000,300.000000,4.283735,3.228162,0.128583,0.126887,0.000000,2.013861,0.027376,29.133873
