SubjectID,width,duration,threshold,slope,lapse,guess,eta,deviance,residuals,loglikelihood
JC918,0.200000,100.000000,4.433000,1.027999,0.199996,0.199999,0.000000,2.406744,0.045669,42.095696
