SubjectID,width,duration,threshold,slope,lapse,guess,eta,deviance,residuals,loglikelihood
JC876,0.200000,300.000000,5.167161,1.679736,0.000000,0.141372,0.000000,2.751282,0.031883,29.990641
