SubjectID,width,duration,threshold,slope,lapse,guess,eta,deviance,residuals,loglikelihood
KB509,0.200000,100.000000,3.859425,2.426113,0.055498,0.067617,0.000000,0.416442,0.005367,24.159759
