SubjectID,width,duration,threshold,slope,lapse,guess,eta,deviance,residuals,loglikelihood
KB247,0.200000,300.000000,5.379540,1.303824,0.000175,0.200000,0.000133,3.127583,0.060652,38.260992
