SubjectID,width,duration,threshold,slope,lapse,guess,eta,deviance,residuals,loglikelihood
HC958,0.200000,300.000000,5.206057,3.014766,0.199986,0.188199,0.000000,4.161556,0.066369,34.814921
