SubjectID,width,duration,threshold,slope,lapse,guess,eta,deviance,residuals,loglikelihood
GC865,0.200000,100.000000,4.550837,1.487983,0.063929,0.089565,0.000000,1.062245,0.018808,30.555583
