SubjectID,width,duration,threshold,slope,lapse,guess,eta,deviance,residuals,loglikelihood
IC1089,0.200000,100.000000,2.433191,3.033471,0.186174,0.199998,0.000047,2.258240,0.039693,35.824983
