SubjectID,width,duration,threshold,slope,lapse,guess,eta,deviance,residuals,loglikelihood
IC1082,0.200000,300.000000,4.072876,1.371640,0.162493,0.200000,0.000345,2.376674,0.034493,39.486272
