SubjectID,width,duration,threshold,slope,lapse,guess,eta,deviance,residuals,loglikelihood
JC888,0.200000,100.000000,2.045149,0.775475,0.178675,0.199977,0.000000,2.313208,0.046208,40.669401
